product_page_url,universal_product_code,book_title,price_including_tax,price_excluding_tax,quantity_available,product_description,category,review_rating,image_url,image_filename
https://books.toscrape.com/catalogue/wall-and-piece_971/index.html,ccd9ffa25efabdea,Wall and Piece,£44.18,£44.18,In stock (18 available),"
    Banksy, Britain's now-legendary ""guerilla"" street artist, has painted the walls, streets, and bridges of towns and cities throughout the world. Not only did he smuggle his pieces into four of New York City's major art museums, he's also ""hung"" his work at London's Tate Gallery and adorned Israel's West Bank barrier with satirical images. Banksy's identity remains unknown, Banksy, Britain's now-legendary ""guerilla"" street artist, has painted the walls, streets, and bridges of towns and cities throughout the world. Not only did he smuggle his pieces into four of  New York City's major art museums, he's also ""hung"" his work at London's Tate Gallery and adorned Israel's West Bank barrier with satirical images. Banksy's identity remains unknown, but his work is unmistakable—with prints selling for as much as $45,000. ...more
",Art,Four,https://books.toscrape.com/media/cache/df/34/df346322ddfdd3b4da0e34cad17f49dc.jpg,Wall_and_Piece.jpg
https://books.toscrape.com/catalogue/wall-and-piece_971/index.html,ccd9ffa25efabdea,Wall and Piece,£44.18,£44.18,In stock (18 available),"
    Banksy, Britain's now-legendary ""guerilla"" street artist, has painted the walls, streets, and bridges of towns and cities throughout the world. Not only did he smuggle his pieces into four of New York City's major art museums, he's also ""hung"" his work at London's Tate Gallery and adorned Israel's West Bank barrier with satirical images. Banksy's identity remains unknown, Banksy, Britain's now-legendary ""guerilla"" street artist, has painted the walls, streets, and bridges of towns and cities throughout the world. Not only did he smuggle his pieces into four of  New York City's major art museums, he's also ""hung"" his work at London's Tate Gallery and adorned Israel's West Bank barrier with satirical images. Banksy's identity remains unknown, but his work is unmistakable—with prints selling for as much as $45,000. ...more
",Art,Four,https://books.toscrape.com/media/cache/df/34/df346322ddfdd3b4da0e34cad17f49dc.jpg,Wall_and_Piece.jpg
https://books.toscrape.com/catalogue/feathers-displays-of-brilliant-plumage_695/index.html,9194ae88379dbf1a,Feathers: Displays of Brilliant Plumage,£49.05,£49.05,In stock (14 available),"
    Exquisite images from award-winning National Geographic photographer Robert Clark offer a captivating perspective on the vast beauty and myriad functions of a seemingly simple thing: the bird feather. Each detailed close-up is paired with informative text about the utility and evolution of the feather it depicts, making this handsome marriage of art and science the ideal g Exquisite images from award-winning National Geographic photographer Robert Clark offer a captivating perspective on the vast beauty and myriad functions of a seemingly simple thing: the bird feather. Each detailed close-up is paired with informative text about the utility and evolution of the feather it depicts, making this handsome marriage of art and science the ideal gift for bird lovers, natural history buffs, and photography enthusiasts. ...more
",Art,Three,https://books.toscrape.com/media/cache/0a/d4/0ad48326a0d2dbda145c94e1d50ef673.jpg,Feathers:_Displays_of_Brilliant_Plumage.jpg
https://books.toscrape.com/catalogue/art-and-fear-observations-on-the-perils-and-rewards-of-artmaking_559/index.html,d6d9ffea95f2f8bf,Art and Fear: Observations on the Perils (and Rewards) of Artmaking,£48.63,£48.63,In stock (9 available),"
    ""This is a book about making art. Ordinary art. Ordinary art means something like: all art not made by Mozart. After all, art is rarely made by Mozart-like people; essentially—statistically speaking—there aren't any people like that. Geniuses get made once-a-century or so, yet good art gets made all the time, so to equate the making of art with the workings of genius remov ""This is a book about making art. Ordinary art. Ordinary art means something like: all art not made by Mozart. After all, art is rarely made by Mozart-like people; essentially—statistically speaking—there aren't any people like that. Geniuses get made once-a-century or so, yet good art gets made all the time, so to equate the making of art with the workings of genius removes this intimately human activity to a strangely unreachable and unknowable place. For all practical purposes making art can be examined in great detail without ever getting entangled in the very remote problems of genius.""—-from the IntroductionArt & Fear explores the way art gets made, the reasons it often doesn't get made, and the nature of the difficulties that cause so many artists to give up along the way. The book's co-authors, David Bayles and Ted Orland, are themselves both working artists, grappling daily with the problems of making art in the real world. Their insights and observations, drawn from personal experience, provide an incisive view into the world of art as it is expeienced by artmakers themselves.This is not your typical self-help book. This is a book written by artists, for artists -— it's about what it feels like when artists sit down at their easel or keyboard, in their studio or performance space, trying to do the work they need to do. First published in 1994, Art & Fear quickly became an underground classic. Word-of-mouth response alone—now enhanced by internet posting—has placed it among the best-selling books on artmaking and creativity nationally.Art & Fear has attracted a remarkably diverse audience, ranging from beginning to accomplished artists in every medium, and including an exceptional concentration among students and teachers. The original Capra Press edition of Art & Fear sold 80,000 copies.An excerpt:Today, more than it was however many years ago, art is hard because you have to keep after it so consistently. On so many different fronts. For so little external reward. Artists become veteran artists only by making peace not just with themselves, but with a huge range of issues. You have to find your work... ...more
",Art,Four,https://books.toscrape.com/media/cache/87/82/87822798b42545d589822bc712dc38a6.jpg,Art_and_Fear:_Observations_on_the_Perils_(and_Rewards)_of_Artmaking.jpg
https://books.toscrape.com/catalogue/the-new-drawing-on-the-right-side-of-the-brain_550/index.html,3eec766dda26fa64,The New Drawing on the Right Side of the Brain,£43.02,£43.02,In stock (8 available),"
    When Drawing on the Right Side of the Brain was first published in 1979, it hit the New York Times bestseller list within two weeks and stayed there for more than a year. In 1989, when Dr. Betty Edwards revised the book, it went straight to the Times list again. Now Dr. Edwards celebrates the twentieth anniversary of her classic book with a second revised edition.Over the When Drawing on the Right Side of the Brain was first published in 1979, it hit the New York Times bestseller list within two weeks and stayed there for more than a year. In 1989, when Dr. Betty Edwards revised the book, it went straight to the Times list again. Now Dr. Edwards celebrates the twentieth anniversary of her classic book with a second revised edition.Over the last decade, Dr. Edwards has refined her material through teaching hundreds of workshops and seminars. Truly The New Drawing on the Right Side of the Brain, this edition includes:the very latest developments in brain researchnew material on using drawing techniques in the corporate world and in educationinstruction on self-expression through drawingan updated section on using colordetailed information on using the five basic skills of drawing for problem solving ...more
",Art,Three,https://books.toscrape.com/media/cache/0a/8f/0a8f6461714ec9868dea0d37c5da5a81.jpg,The_New_Drawing_on_the_Right_Side_of_the_Brain.jpg
https://books.toscrape.com/catalogue/history-of-beauty_521/index.html,8a150fd8ff5d7686,History of Beauty,£10.29,£10.29,In stock (8 available),"
    Now in paperback, Umberto Eco’s groundbreaking and much-acclaimed first illustrated book has been a critical success since its first publication in 2004. What is beauty? Umberto Eco, among Italy’s finest and most important contemporary thinkers, explores the nature, the meaning, and the very history of the idea of beauty in Western culture. The profound and subtle text is Now in paperback, Umberto Eco’s groundbreaking and much-acclaimed first illustrated book has been a critical success since its first publication in 2004. What is beauty? Umberto Eco, among Italy’s finest and most important contemporary thinkers, explores the nature, the meaning, and the very history of the idea of beauty in Western culture. The profound and subtle text is lavishly illustrated with abundant examples of sublime painting and sculpture and lengthy quotations from writers and philosophers. This is the first paperback edition of History of Beauty, making this intellectual and philosophical journey with one of the world’s most acclaimed thinkers available in a more compact and affordable format.From the Trade Paperback edition ...more
",Art,Four,https://books.toscrape.com/media/cache/cb/74/cb74d2953d5249143c3c2e3c281daf6f.jpg,History_of_Beauty.jpg
https://books.toscrape.com/catalogue/the-story-of-art_500/index.html,9147c5251cc99eb1,The Story of Art,£41.14,£41.14,In stock (7 available),"
    This text is the 16th revised and updated edition of this introduction to art, from the earliest cave paintings to experimental art. Eight new artists from the modern period have been introduced. They are: Corot, Kollwitz, Nolde, de Chirico, Brancussi, Magritte, Nicolson and Morandi. A sequence of new endings have been added, and the captions are now fuller, including the This text is the 16th revised and updated edition of this introduction to art, from the earliest cave paintings to experimental art. Eight new artists from the modern period have been introduced. They are: Corot, Kollwitz, Nolde, de Chirico, Brancussi, Magritte, Nicolson and Morandi. A sequence of new endings have been added, and the captions are now fuller, including the medium and dimension of the works illustrated. Six fold-outs present selected large-scale works. They are: Van Eyck's Ghent Altarpiece, Leonardo's Last Supper, Botticelli's Birth of Venus, Jackson Pollock's One (Number 31, 1950), Van der Weyden's Descent from the Cross and Michelangelo's Sistine Chapel ceiling. ...more
",Art,Four,https://books.toscrape.com/media/cache/7a/e9/7ae92da23efc2f0f4633f9d2cde370f3.jpg,The_Story_of_Art.jpg
https://books.toscrape.com/catalogue/the-art-book_490/index.html,4b8fa561a1e52d1c,The Art Book,£32.34,£32.34,In stock (7 available),"
    An A to Z guide to 500 great painters and sculptors from medieval to modern times, it debunks art historical classifications by throwing together brilliant examples of all periods, schools, visions and techniques. Each artist is represented by a full-page colour plate of a definitive work, accompanied by explanatory and illuminating information on the image and its creator An A to Z guide to 500 great painters and sculptors from medieval to modern times, it debunks art historical classifications by throwing together brilliant examples of all periods, schools, visions and techniques. Each artist is represented by a full-page colour plate of a definitive work, accompanied by explanatory and illuminating information on the image and its creator. Glossaries of artistic movements and technical terms are included, making this a valuable work of reference as well as a feast for the eyes. By breaking with traditional classifications, The Art Book presents a fresh and original approach to art: an unparalleled visual sourcebook and a celebration of our rich and multi-faceted culture. ...more
",Art,Two,https://books.toscrape.com/media/cache/76/90/76904c101329aa50b6653f399318970b.jpg,The_Art_Book.jpg
https://books.toscrape.com/catalogue/ways-of-seeing_94/index.html,66a4e422b212726a,Ways of Seeing,£39.51,£39.51,In stock (1 available),"
    John Berger’s Classic Text on ArtJohn Berger's Ways of Seeing is one of the most stimulating and the most influential books on art in any language. First published in 1972, it was based on the BBC television series about which the (London) Sunday Times critic commented: ""This is an eye-opener in more ways than one: by concentrating on how we look at paintings . . . he will John Berger’s Classic Text on ArtJohn Berger's Ways of Seeing is one of the most stimulating and the most influential books on art in any language. First published in 1972, it was based on the BBC television series about which the (London) Sunday Times critic commented: ""This is an eye-opener in more ways than one: by concentrating on how we look at paintings . . . he will almost certainly change the way you look at pictures."" By now he has.""Berger has the ability to cut right through the mystification of the professional art critics . . . He is a liberator of images: and once we have allowed the paintings to work on us directly, we are in a much better position to make a meaningful evaluation"" —Peter Fuller, Arts Review""The influence of the series and the book . . . was enormous . . . It opened up for general attention to areas of cultural study that are now commonplace"" —Geoff Dyer in Ways of TellingWinner of the 1972 Booker Prize for his novel, G., John Peter Berger (born November 5th, 1926) is an art critic, painter and author of many novels including A Painter of Our Time, From A to X and Bento’s Sketchbook. ...more
",Art,Five,https://books.toscrape.com/media/cache/a5/54/a5542b7abc8673ea8254a3fe93b23e4e.jpg,Ways_of_Seeing.jpg
