product_page_url,universal_product_code,book_title,price_including_tax,price_excluding_tax,quantity_available,product_description,category,review_rating,image_url,image_filename
https://books.toscrape.com/catalogue/the-argonauts_837/index.html,c99761a700ade23f,The Argonauts,£10.93,£10.93,In stock (15 available),"
    An intrepid voyage out to the frontiers of the latest thinking about love, language, and family Maggie Nelson's The Argonauts is a genre-bending memoir, a work of ""autotheory"" offering fresh, fierce, and timely thinking about desire, identity, and the limitations and possibilities of love and language. At its center is a romance: the story of the author's relationship with An intrepid voyage out to the frontiers of the latest thinking about love, language, and family Maggie Nelson's The Argonauts is a genre-bending memoir, a work of ""autotheory"" offering fresh, fierce, and timely thinking about desire, identity, and the limitations and possibilities of love and language. At its center is a romance: the story of the author's relationship with the artist Harry Dodge. This story, which includes Nelson's account of falling in love with Dodge, who is fluidly gendered, as well as her journey to and through a pregnancy, offers a firsthand account of the complexities and joys of (queer) family-making.Writing in the spirit of public intellectuals such as Susan Sontag and Roland Barthes, Nelson binds her personal experience to a rigorous exploration of what iconic theorists have said about sexuality, gender, and the vexed institutions of marriage and child-rearing. Nelson's insistence on radical individual freedom and the value of caretaking becomes the rallying cry of this thoughtful, unabashed, uncompromising book. ...more
",Autobiography,Two,https://books.toscrape.com/media/cache/22/d0/22d01c710471f94dabfa41083fa3cf4e.jpg,The_Argonauts.jpg
https://books.toscrape.com/catalogue/the-argonauts_837/index.html,c99761a700ade23f,The Argonauts,£10.93,£10.93,In stock (15 available),"
    An intrepid voyage out to the frontiers of the latest thinking about love, language, and family Maggie Nelson's The Argonauts is a genre-bending memoir, a work of ""autotheory"" offering fresh, fierce, and timely thinking about desire, identity, and the limitations and possibilities of love and language. At its center is a romance: the story of the author's relationship with An intrepid voyage out to the frontiers of the latest thinking about love, language, and family Maggie Nelson's The Argonauts is a genre-bending memoir, a work of ""autotheory"" offering fresh, fierce, and timely thinking about desire, identity, and the limitations and possibilities of love and language. At its center is a romance: the story of the author's relationship with the artist Harry Dodge. This story, which includes Nelson's account of falling in love with Dodge, who is fluidly gendered, as well as her journey to and through a pregnancy, offers a firsthand account of the complexities and joys of (queer) family-making.Writing in the spirit of public intellectuals such as Susan Sontag and Roland Barthes, Nelson binds her personal experience to a rigorous exploration of what iconic theorists have said about sexuality, gender, and the vexed institutions of marriage and child-rearing. Nelson's insistence on radical individual freedom and the value of caretaking becomes the rallying cry of this thoughtful, unabashed, uncompromising book. ...more
",Autobiography,Two,https://books.toscrape.com/media/cache/22/d0/22d01c710471f94dabfa41083fa3cf4e.jpg,The_Argonauts.jpg
https://books.toscrape.com/catalogue/m-train_598/index.html,5569c3fea112718e,M Train,£27.18,£27.18,In stock (11 available),"
    From the National Book Award-winning author of Just Kids: an unforgettable odyssey into the mind of this legendary artist, told through the prism of cafés and haunts she has visited and worked in around the world.M Train is a journey through eighteen ""stations."" It begins in the tiny Greenwich Village café where Smith goes every morning for black coffee, ruminates on the w From the National Book Award-winning author of Just Kids: an unforgettable odyssey into the mind of this legendary artist, told through the prism of cafés and haunts she has visited and worked in around the world.M Train is a journey through eighteen ""stations."" It begins in the tiny Greenwich Village café where Smith goes every morning for black coffee, ruminates on the world as it is and the world as it was, and writes in her notebook. We then travel, through prose that shifts fluidly between dreams and reality, past and present, across a landscape of creative aspirations and inspirations: from Frida Kahlo's Casa Azul in Mexico, to a meeting of an Arctic explorer's society in Berlin; from the ramshackle seaside bungalow in New York's Far Rockaway that Smith buys just before Hurricane Sandy hits, to the graves of Genet, Plath, Rimbaud, and Mishima. Woven throughout are reflections on the writer's craft and on artistic creation, alongside signature memories including her life in Michigan with her husband, guitarist Fred Sonic Smith, whose untimely death was an irremediable loss. For it is loss, as well as the consolation we might salvage from it, that lies at the heart of this exquisitely told memoir, one augmented by stunning black-and-white Polaroids taken by Smith herself. M Train is a meditation on endings and on beginnings: a poetic tour de force by one of the most brilliant multiplatform artists at work today. ...more
",Autobiography,One,https://books.toscrape.com/media/cache/f0/9f/f09fd4a3200b94db86364f308ac02530.jpg,M_Train.jpg
https://books.toscrape.com/catalogue/lab-girl_595/index.html,825d6c44da3ca5a6,Lab Girl,£40.85,£40.85,In stock (11 available),"
    ""A smart, enthralling, and winning debut.” —Cheryl Strayed Acclaimed scientist Hope Jahren has built three laboratories in which she’s studied trees, flowers, seeds, and soil. Her first book is a revelatory treatise on plant life—but it is also so much more. Lab Girl is a book about work, love, and the mountains that can be moved when those two things come together. It is ""A smart, enthralling, and winning debut.” —Cheryl Strayed   Acclaimed scientist Hope Jahren has built three laboratories in which she’s studied trees, flowers, seeds, and soil. Her first book is a revelatory treatise on plant life—but it is also so much more. Lab Girl is a book about work, love, and the mountains that can be moved when those two things come together. It is told through Jahren’s stories: about her childhood in rural Minnesota with an uncompromising mother and a father who encouraged hours of play in his classroom’s labs; about how she found a sanctuary in science, and learned to perform lab work done “with both the heart and the hands”; and about the inevitable disappointments, but also the triumphs and exhilarating discoveries, of scientific work.Yet at the core of this book is the story of a relationship Jahren forged with a brilliant, wounded man named Bill, who becomes her lab partner and best friend. Their sometimes rogue adventures in science take them from the Midwest across the United States and back again, over the Atlantic to the ever-light skies of the North Pole and to tropical Hawaii, where she and her lab currently make their home. ...more
",Autobiography,One,https://books.toscrape.com/media/cache/26/ff/26ffcda626a5561e483afa19b58db8ac.jpg,Lab_Girl.jpg
https://books.toscrape.com/catalogue/approval-junkie-adventures-in-caring-too-much_363/index.html,612369a5947a012e,Approval Junkie: Adventures in Caring Too Much,£58.81,£58.81,In stock (5 available),"
    From comedian and journalist Faith Salie, of NPR's Wait Wait…Don't Tell Me! and CBS News Sunday Morning, a collection of daring, funny essays chronicling the author's adventures during her lifelong quest for approval Faith Salie has done it all in the name of validation. Whether it’s trying to impress her parents with a perfect GPA, undergoing an exorsism in the hopes of From comedian and journalist Faith Salie, of NPR's Wait Wait…Don't Tell Me! and CBS News Sunday Morning, a collection of daring, funny essays chronicling the author's adventures during her lifelong quest for approval   Faith Salie has done it all in the name of validation. Whether it’s trying to impress her parents with a perfect GPA, undergoing an exorsism in the hopes of saving her toxic marriage, or maintaining the BMI of “a flapper with a touch of dysentery,” Salie is the ultimate approval seeker—an “approval junkie,” if you will. In “Miss Aphrodite,” she recounts her strategy for winning the high school beauty pageant. (“Not to brag or anything, but no one stood a chance against my emaciated, spastic resolve.”) “What I Wore to My Divorce” describes Salie’s struggle to pick the perfect outfit to wear to the courthouse to divorce her “wasband.” (“I envisioned a look that said, ‘Yo, THIS is what you’ll be missing…even though you’ve introduced your new girlfriend to our mutual friends, and she’s a decade younger than I am and is also a fit model.”) In ""Ovary Achiever,"" she shares tips on how to ace your egg retrieval. (“Thank your fertility doctor when she announces you have ‘amazing ovaries.’ Try to be humble about it [‘Oh,these old things?’].”) And in “Wait, Wait, Don’t Tell Me About Batman’s Nipples” she reveals the secrets behind Wait Wait…Don’t Tell Me! (“I study for this show like Tracy Flick on Adderall”). With thoughtful irreverence, Salie reflects on why she tries so hard to please others, and herself, highlighting a phenomenon that many people—especially women—experience at home and in the workplace. Equal parts laugh-out loud funny and poignant, Approval Junkie is one woman’s journey to realizing that seeking approval from others is more than just getting them to like you—it's challenging yourself to achieve, and survive, more than you ever thought you could. ...more
",Autobiography,Five,https://books.toscrape.com/media/cache/96/6d/966d8d2afdead087cba0f29a69f89ba5.jpg,Approval_Junkie:_Adventures_in_Caring_Too_Much.jpg
https://books.toscrape.com/catalogue/running-with-scissors_215/index.html,28921443f052bea6,Running with Scissors,£12.91,£12.91,In stock (3 available),"
    Augusten Burroughs is the author of the bestselling trilogy, Running with Scissors, Dry, and Lust & Wonder. Return to the memoir that started it all.The true story of a boy whose mother (a poet with delusions of Anne Sexton) gave him away to be raised by her unorthodox psychiatrist who bore a striking resemblance to Santa Claus. So at the age of twelve, Burroughs found Augusten Burroughs is the author of the bestselling trilogy, Running with Scissors, Dry, and Lust & Wonder. Return to the memoir that started it all.The true story of a boy whose mother (a poet with delusions of Anne Sexton) gave him away to be raised by her unorthodox psychiatrist who bore a striking resemblance to Santa Claus. So at the age of twelve, Burroughs found himself amidst Victorian squalor living with the doctor's bizarre family, and befriending a paedophile who resided in the backyard shed. The story of an outlaw childhood where rules were unheard of, and the Christmas tree stayed up all year round, where Valium was consumed like candy, and if things got dull an electroshock-therapy machine could provide entertainment. The funny, harrowing and bestselling account of an ordinary boy's survival under the most extraordinary circumstances. ...more
",Autobiography,Four,https://books.toscrape.com/media/cache/4c/e1/4ce1ed40df359e001020e1ea55674381.jpg,Running_with_Scissors.jpg
https://books.toscrape.com/catalogue/me-talk-pretty-one-day_193/index.html,abc4a7ee16c21088,Me Talk Pretty One Day,£57.60,£57.60,In stock (3 available),"
    David Sedaris' move to Paris from New York inspired these hilarious pieces, including the title essay, about his attempts to learn French from a sadistic teacher who declares that ""every day spent with you is like having a caesarean section"". His family is another inspiration. You Can't Kill the Rooster is a portrait of his brother, who talks incessant hip-hop slang to his David Sedaris' move to Paris from New York inspired these hilarious pieces, including the title essay, about his attempts to learn French from a sadistic teacher who declares that ""every day spent with you is like having a caesarean section"". His family is another inspiration. You Can't Kill the Rooster is a portrait of his brother, who talks incessant hip-hop slang to his bewildered father. And no one hones a finer fury in response to such modern annoyances as restaurant meals presented in ludicrous towers of food and cashiers with six-inch fingernails. ...more
",Autobiography,Two,https://books.toscrape.com/media/cache/61/b2/61b220c2079a45a7975a397c8849e00e.jpg,Me_Talk_Pretty_One_Day.jpg
https://books.toscrape.com/catalogue/lust-wonder_191/index.html,0dcadb06206abd3c,Lust & Wonder,£11.87,£11.87,In stock (3 available),"
    First came Running with Scissors. Then came Dry. Now, there's Lust & Wonder.In chronicling the development and demise of the different relationships he's had while living in New York, Augusten Burroughs examines what it means to be in love, what it means to be in lust, and what it means to be figuring it all out. With Augusten's unique and singular observations and his First came Running with Scissors. Then came Dry. Now, there's Lust & Wonder.In chronicling the development and demise of the different relationships he's had while living in New York, Augusten Burroughs examines what it means to be in love, what it means to be in lust, and what it means to be figuring it all out. With Augusten's unique and singular observations and his own unabashed way of detailing both the horrific and the humorous, Lust and Wonder is an intimate and honest memoir that his legions of fans have been waiting for. ...more
",Autobiography,Two,https://books.toscrape.com/media/cache/25/1c/251ce4355601534338a646f2b63be93a.jpg,Lust_&_Wonder.jpg
https://books.toscrape.com/catalogue/life-without-a-recipe_188/index.html,c53d9fefcda371e9,Life Without a Recipe,£59.04,£59.04,In stock (3 available),"
    On one side, there is Grace: prize-winning author Diana Abu-Jaber’s tough, independent sugar-fiend of a German grandmother, wielding a suitcase full of holiday cookies. On the other, Bud: a flamboyant, spice-obsessed Arab father, full of passionate argument. The two could not agree on anything: not about food, work, or especially about what Diana should do with her life. G On one side, there is Grace: prize-winning author Diana Abu-Jaber’s tough, independent sugar-fiend of a German grandmother, wielding a suitcase full of holiday cookies. On the other, Bud: a flamboyant, spice-obsessed Arab father, full of passionate argument. The two could not agree on anything: not about food, work, or especially about what Diana should do with her life. Grace warned her away from children. Bud wanted her married above all—even if he had to provide the ring. Caught between cultures and lavished with contradictory “advice” from both sides of her family, Diana spent years learning how to ignore others’ well-intentioned prescriptions.Hilarious, gorgeously written, poignant, and wise, Life Without a Recipe is Diana’s celebration of journeying without a map, of learning to ignore the script and improvise, of escaping family and making family on one’s own terms. As Diana discovers, however, building confidence in one’s own path sometimes takes a mistaken marriage or two—or in her case, three: to a longhaired boy-poet, to a dashing deconstructionist literary scholar, and finally to her steadfast, outdoors-loving Scott. It also takes a good deal of angst (was it possible to have a serious writing career and be a mother?) and, even when she knew what she wanted (the craziest thing, in one’s late forties: a baby!), the nerve to pursue it.Finally, fearlessly independent like the Grace she’s named after, Diana and Scott’s daughter Gracie will heal all the old battles with Bud and, like her writer-mom, learn to cook up a life without a recipe. ...more
",Autobiography,Five,https://books.toscrape.com/media/cache/9e/4f/9e4fb935df3113056cc9bdee6cd09ea6.jpg,Life_Without_a_Recipe.jpg
https://books.toscrape.com/catalogue/a-heartbreaking-work-of-staggering-genius_115/index.html,c9770bb1d5a492a0,A Heartbreaking Work of Staggering Genius,£54.29,£54.29,In stock (3 available),"
    Dave Eggers is a terrifically talented writer; don't hold his cleverness against him. What to make of a book called A Heartbreaking Work of Staggering Genius: Based on a True Story? For starters, there's a good bit of staggering genius before you even get to the true story, including a preface, a list of ""Rules and Suggestions for Enjoyment of This Book,"" and a 20-page ack Dave Eggers is a terrifically talented writer; don't hold his cleverness against him. What to make of a book called A Heartbreaking Work of Staggering Genius: Based on a True Story? For starters, there's a good bit of staggering genius before you even get to the true story, including a preface, a list of ""Rules and Suggestions for Enjoyment of This Book,"" and a 20-page acknowledgements section complete with special mail-in offer, flow chart of the book's themes, and a lovely pen-and-ink drawing of a stapler (helpfully labeled ""Here is a drawing of a stapler:""). But on to the true story. At the age of 22, Eggers became both an orphan and a ""single mother"" when his parents died within five months of one another of unrelated cancers. In the ensuing sibling division of labor, Dave is appointed unofficial guardian of his 8-year-old brother, Christopher. The two live together in semi-squalor, decaying food and sports equipment scattered about, while Eggers worries obsessively about child-welfare authorities, molesting babysitters, and his own health. His child-rearing strategy swings between making his brother's upbringing manically fun and performing bizarre developmental experiments on him. (Case in point: his idea of suitable bedtime reading is John Hersey's Hiroshima.) The book is also, perhaps less successfully, about being young and hip and out to conquer the world (in an ironic, media-savvy, Gen-X way, naturally). In the early '90s, Eggers was one of the founders of the very funny Might Magazine, and he spends a fair amount of time here on Might, the hipster culture of San Francisco's South Park, and his own efforts to get on to MTV's Real World. This sort of thing doesn't age very well--but then, Eggers knows that. There's no criticism you can come up with that he hasn't put into A.H.W.O.S.G. already. ""The book thereafter is kind of uneven,"" he tells us regarding the contents after page 109, and while that's true, it's still uneven in a way that is funny and heartfelt and interesting. All this self-consciousness could have become unbearably arch. It's a testament to Eggers's skill as a writer--and to the heartbreaking particulars of his story--that it doesn't. Currently the editor of the footnote-and-marginalia-intensive journal McSweeney's (the last issue featured an entire story by David Foster Wallace printed tinily on its spine), Eggers comes from the most media-saturated generation in history--so much so that he can't feel an emotion without the sense that it's already been felt for him. What may seem like postmodern noodling is really just Eggers writing about pain in the only honest way available to him. Oddly enough, the effect is one of complete sincerity, and--especially in its concluding pages--this memoir as metafiction is affecting beyond all rational explanation. --Mary Park ...more
",Autobiography,Five,https://books.toscrape.com/media/cache/47/f3/47f3d4f1e85773bf41ba64a036e37994.jpg,A_Heartbreaking_Work_of_Staggering_Genius.jpg
