product_page_url,universal_product_code,book_title,price_including_tax,price_excluding_tax,quantity_available,product_description,category,review_rating,image_url,image_filename
https://books.toscrape.com/catalogue/redeeming-love_826/index.html,b53db2271c9624f7,Redeeming Love,£20.47,£20.47,In stock (15 available),"
    California's gold country, 1850. A time when men sold their souls for a bag of gold and women sold their bodies for a place to sleep.Angel expects nothing from men but betrayal. Sold into prostitution as a child she survives by keeping her hatred alive. And what she hates most are the men who use her, leaving her empty and dead inside.Then she meets Michael Hosea. A man wh California's gold country, 1850. A time when men sold their souls for a bag of gold and women sold their bodies for a place to sleep.Angel expects nothing from men but betrayal. Sold into prostitution as a child she survives by keeping her hatred alive. And what she hates most are the men who use her, leaving her empty and dead inside.Then she meets Michael Hosea. A man who seeks his Father's heart in everything, Michael obeys God's call to marry Angel and to love her unconditionally. Slowly, day by day, he defies Angel's every bitter expectation, until despite her resistance, her frozen heart begins to thaw.But with her unexpected softening come overwhelming feelings of unworthiness and fear. And so Angel runs. Back to the darkness, away from her husband's pursuing love, terrified of the truth she no longer can deny: Her final healing must come from the One who loves her even more than Michael does ... the One who will never let her go. ...more
",Christian Fiction,Five,https://books.toscrape.com/media/cache/c9/74/c974d74fa0bd1735c6ae172d40b1c077.jpg,Redeeming_Love.jpg
https://books.toscrape.com/catalogue/close-to-you_798/index.html,a57b1dcbd6849222,Close to You,£49.46,£49.46,In stock (15 available),"
    A disgraced scholar running from her past and an entrepreneur chasing his future find themselves thrown together—and fall in love—on a Tolkien tour of New Zealand.Allison Shire (yes, like where the Hobbits live) is a disgraced academic who is done with love. Her belief in “happily ever after” ended the day she discovered her husband was still married to a wife she knew not A disgraced scholar running from her past and an entrepreneur chasing his future find themselves thrown together—and fall in love—on a Tolkien tour of New Zealand.Allison Shire (yes, like where the Hobbits live) is a disgraced academic who is done with love. Her belief in “happily ever after” ended the day she discovered her husband was still married to a wife she knew nothing about. She finally finds a use for her English degree by guiding tours through the famous sites featured in the Lord of the Rings and The Hobbit movies. By living life on the road and traveling New Zealand as a luxury tour guide, Allison manages to outrun the pain of her past she can’t face.Jackson Gregory was on the cusp of making it big. Then suddenly his girlfriend left him—for his biggest business competitor—and took his most guarded commercial secrets with her. To make matters worse, the Iowa farm that has been in his family for generations is facing foreclosure. Determined to save his parents from financial ruin, he’ll do whatever it takes to convince his wealthy great-uncle to invest in his next scheme, which means accompanying him to the bottom of the world to spend three weeks pretending to be a die-hard Lord of the Rings fan, even though he knows nothing about the stories. The one thing that stands between him and his goal is a know-it-all tour guide who can’t stand him and pegged him as a fake the moment he walked off the plane.When Allison leads the group through the famous sites of the Tolkien movies, she and Jackson start to see each other differently, and as they keep getting thrown together on the tour, they find themselves drawn to each other. Neither expected to fall in love again, but can they find a way beyond their regrets to take a chance on the one thing they’re not looking for? ...more
",Christian Fiction,Four,https://books.toscrape.com/media/cache/94/f4/94f4405dae04559ecdd92e62486623e3.jpg,Close_to_You.jpg
https://books.toscrape.com/catalogue/redeeming-love_826/index.html,b53db2271c9624f7,Redeeming Love,£20.47,£20.47,In stock (15 available),"
    California's gold country, 1850. A time when men sold their souls for a bag of gold and women sold their bodies for a place to sleep.Angel expects nothing from men but betrayal. Sold into prostitution as a child she survives by keeping her hatred alive. And what she hates most are the men who use her, leaving her empty and dead inside.Then she meets Michael Hosea. A man wh California's gold country, 1850. A time when men sold their souls for a bag of gold and women sold their bodies for a place to sleep.Angel expects nothing from men but betrayal. Sold into prostitution as a child she survives by keeping her hatred alive. And what she hates most are the men who use her, leaving her empty and dead inside.Then she meets Michael Hosea. A man who seeks his Father's heart in everything, Michael obeys God's call to marry Angel and to love her unconditionally. Slowly, day by day, he defies Angel's every bitter expectation, until despite her resistance, her frozen heart begins to thaw.But with her unexpected softening come overwhelming feelings of unworthiness and fear. And so Angel runs. Back to the darkness, away from her husband's pursuing love, terrified of the truth she no longer can deny: Her final healing must come from the One who loves her even more than Michael does ... the One who will never let her go. ...more
",Christian Fiction,Five,https://books.toscrape.com/media/cache/c9/74/c974d74fa0bd1735c6ae172d40b1c077.jpg,Redeeming_Love.jpg
https://books.toscrape.com/catalogue/close-to-you_798/index.html,a57b1dcbd6849222,Close to You,£49.46,£49.46,In stock (15 available),"
    A disgraced scholar running from her past and an entrepreneur chasing his future find themselves thrown together—and fall in love—on a Tolkien tour of New Zealand.Allison Shire (yes, like where the Hobbits live) is a disgraced academic who is done with love. Her belief in “happily ever after” ended the day she discovered her husband was still married to a wife she knew not A disgraced scholar running from her past and an entrepreneur chasing his future find themselves thrown together—and fall in love—on a Tolkien tour of New Zealand.Allison Shire (yes, like where the Hobbits live) is a disgraced academic who is done with love. Her belief in “happily ever after” ended the day she discovered her husband was still married to a wife she knew nothing about. She finally finds a use for her English degree by guiding tours through the famous sites featured in the Lord of the Rings and The Hobbit movies. By living life on the road and traveling New Zealand as a luxury tour guide, Allison manages to outrun the pain of her past she can’t face.Jackson Gregory was on the cusp of making it big. Then suddenly his girlfriend left him—for his biggest business competitor—and took his most guarded commercial secrets with her. To make matters worse, the Iowa farm that has been in his family for generations is facing foreclosure. Determined to save his parents from financial ruin, he’ll do whatever it takes to convince his wealthy great-uncle to invest in his next scheme, which means accompanying him to the bottom of the world to spend three weeks pretending to be a die-hard Lord of the Rings fan, even though he knows nothing about the stories. The one thing that stands between him and his goal is a know-it-all tour guide who can’t stand him and pegged him as a fake the moment he walked off the plane.When Allison leads the group through the famous sites of the Tolkien movies, she and Jackson start to see each other differently, and as they keep getting thrown together on the tour, they find themselves drawn to each other. Neither expected to fall in love again, but can they find a way beyond their regrets to take a chance on the one thing they’re not looking for? ...more
",Christian Fiction,Four,https://books.toscrape.com/media/cache/94/f4/94f4405dae04559ecdd92e62486623e3.jpg,Close_to_You.jpg
https://books.toscrape.com/catalogue/shadows-of-the-past-logan-point-1_541/index.html,bee6e93e9976f4fa,Shadows of the Past (Logan Point #1),£39.67,£39.67,In stock (8 available),"
    Psychology professor and criminal profiler Taylor Martin prides herself on being able to solve any crime, except the one she wants most desperately to solve--the disappearance of her father twenty years ago. When she finally has a lead on his whereabouts, Taylor returns home to Logan Point, Mississippi, to investigate. But as she is stalking the truth about the past, someo Psychology professor and criminal profiler Taylor Martin prides herself on being able to solve any crime, except the one she wants most desperately to solve--the disappearance of her father twenty years ago. When she finally has a lead on his whereabouts, Taylor returns home to Logan Point, Mississippi, to investigate. But as she is stalking the truth about the past, someone is stalking her.Nick Sinclair pens mystery novels for a living, but the biggest mystery to him is how he can ever get over the death of his wife--a tragedy he believes he could have prevented. With his estranged brother the only family he has left, Nick sets out to find him. But when he crosses paths with Taylor, all he seems to find is trouble. ...more
",Christian Fiction,Five,https://books.toscrape.com/media/cache/61/3a/613ac19c2232f1d9adc5943291a5e860.jpg,Shadows_of_the_Past_(Logan_Point_#1).jpg
https://books.toscrape.com/catalogue/like-never-before-walker-family-2_476/index.html,b6670507e85b30e6,Like Never Before (Walker Family #2),£28.77,£28.77,In stock (7 available),"
    Maple Valley became Amelia Bentley's haven after her heart and her dreams of a family were shattered. But her new life as a newspaper editor is shaken when the small-town paper is in danger of closing. Her one hope: A lead on an intriguing story that just might impress the new publisher...if only she new who he was.After his biggest campaign success yet, widowed speechwrit Maple Valley became Amelia Bentley's haven after her heart and her dreams of a family were shattered. But her new life as a newspaper editor is shaken when the small-town paper is in danger of closing. Her one hope: A lead on an intriguing story that just might impress the new publisher...if only she new who he was.After his biggest campaign success yet, widowed speechwriter Logan Walker now has the chance of a lifetime--a spot on a presidential campaign. But his plans are interrupted when he finds out he's inherited his hometown newspaper. He travels home intent on selling the paper and spending some much-needed time with his young daughter before making the leap into national politics.But instead of a quick sale and peaceful break from his hectic career, Logan finds himself helping Amelia chase her story. She's scrappy, but wounded. He's dependable, but lost. They may butt heads more than expected, but a series of leads on Maple Valley's quirky unsolved mystery is just the start of the sparks that fly in the office and in their hearts. ...more
",Christian Fiction,Two,https://books.toscrape.com/media/cache/1b/38/1b3825668326e82038ba33bca646e0f3.jpg,Like_Never_Before_(Walker_Family_#2).jpg
https://books.toscrape.com/catalogue/counted-with-the-stars-out-from-egypt-1_463/index.html,4807043b8218e9ce,Counted With the Stars (Out from Egypt #1),£17.97,£17.97,In stock (7 available),"
    A Story of Love, Desperation, and Hope During a Great Biblical EpochSold into slavery by her father and forsaken by the man she was supposed to marry, young Egyptian Kiya must serve a mistress who takes pleasure in her humiliation. When terrifying plagues strike Egypt, Kiya is in the middle of it all.To save her older brother and escape the bonds of slavery, Kiya flees wit A Story of Love, Desperation, and Hope During a Great Biblical EpochSold into slavery by her father and forsaken by the man she was supposed to marry, young Egyptian Kiya must serve a mistress who takes pleasure in her humiliation. When terrifying plagues strike Egypt, Kiya is in the middle of it all.To save her older brother and escape the bonds of slavery, Kiya flees with the Hebrews during the Great Exodus. She finds herself utterly dependent on a fearsome God she's only just beginning to learn about, and in love with a man who despises her people. With everything she's ever known swept away, will Kiya turn back toward Egypt or surrender her life and her future to Yahweh? ...more
",Christian Fiction,Five,https://books.toscrape.com/media/cache/33/93/339372341b88e027734e97fa1ddb26fc.jpg,Counted_With_the_Stars_(Out_from_Egypt_#1).jpg
https://books.toscrape.com/catalogue/if-i-run-if-i-run-1_174/index.html,61569d12d4ae7161,If I Run (If I Run #1),£49.97,£49.97,In stock (3 available),"
    Casey knows the truth.But it won’t set her free.Casey Cox’s DNA is all over the crime scene. There’s no use talking to police; they have failed her abysmally before. She has to flee before she’s arrested . . . or worse. The truth doesn’t matter anymore.But what is the truth? That’s the question haunting Dylan Roberts, the war-weary veteran hired to find Casey. PTSD has mar Casey knows the truth.But it won’t set her free.Casey Cox’s DNA is all over the crime scene. There’s no use talking to police; they have failed her abysmally before. She has to flee before she’s arrested . . . or worse. The truth doesn’t matter anymore.But what is the truth? That’s the question haunting Dylan Roberts, the war-weary veteran hired to find Casey. PTSD has marked him damaged goods, but bringing Casey back can redeem him. Though the crime scene seems to tell the whole story, details of the murder aren’t adding up. Casey Cox doesn’t fit the profile of a killer. But are Dylan’s skewed perceptions keeping him from being objective? If she isn’t guilty, why did she run?Unraveling her past and the evidence that condemns her will take more time than he has, but as Dylan’s damaged soul intersects with hers, he is faced with two choices. The girl who occupies his every thought is a psychopathic killer . . . or a selfless hero. And the truth could be the most deadly weapon yet. ...more
",Christian Fiction,Four,https://books.toscrape.com/media/cache/54/17/54179d9af49616b1ef35a0bb23294b14.jpg,If_I_Run_(If_I_Run_#1).jpg
