product_page_url,universal_product_code,book_title,price_including_tax,price_excluding_tax,quantity_available,product_description,category,review_rating,image_url,image_filename
https://books.toscrape.com/catalogue/when-we-collided_955/index.html,3ecb690d1542c568,When We Collided,£31.77,£31.77,In stock (16 available),"
    We are seventeen and shattered and still dancing. We have messy, throbbing hearts, and we are stronger than anyone could ever know…Jonah never thought a girl like Vivi would come along.Vivi didn’t know Jonah would light up her world.Neither of them expected a summer like this…a summer that would rewrite their futures.In an unflinching story about new love, old wounds, and We are seventeen and shattered and still dancing. We have messy, throbbing hearts, and we are stronger than anyone could ever know…Jonah never thought a girl like Vivi would come along.Vivi didn’t know Jonah would light up her world.Neither of them expected a summer like this…a summer that would rewrite their futures.In an unflinching story about new love, old wounds, and forces beyond our control, two teens find that when you collide with the right person at just the right time, it will change you forever. ...more
",Contemporary,One,https://books.toscrape.com/media/cache/17/db/17db3de71e8217d4277a9328b04f56cf.jpg,When_We_Collided.jpg
https://books.toscrape.com/catalogue/someone-like-you-the-harrisons-2_735/index.html,a278db6b2b09cf9f,Someone Like You (The Harrisons #2),£52.79,£52.79,In stock (14 available),"
    Pierce Harrison--yes, that Pierce Harrison, black sheep of the wealthy Harrison clan--has come home to his family's luxurious Long Island compound. The big question is why the dangerously sexy soccer star agreed to coach a kids' soccer team. His co-coach Abby McCord should be grateful. Instead she's fending off some seriously smoldering advances from the scandal-ridden ath Pierce Harrison--yes, that Pierce Harrison, black sheep of the wealthy Harrison clan--has come home to his family's luxurious Long Island compound. The big question is why the dangerously sexy soccer star agreed to coach a kids' soccer team. His co-coach Abby McCord should be grateful. Instead she's fending off some seriously smoldering advances from the scandal-ridden athlete. Good thing bad boys are so not her type . . . Abby is definitely not lacking in passion, but the sweet-faced beauty needs to learn a thing or two about taking a team to the championship--and a whole lot about how to let a man into her once-broken heart. Pierce definitely knows how to make the moves, but will Abby trust that the bachelor the world has condemned as a scoundrel can settle down with the one woman who has taken hold of his heart? ...more
",Contemporary,Five,https://books.toscrape.com/media/cache/03/67/03672d82cd257167775d88568d2cce38.jpg,Someone_Like_You_(The_Harrisons_#2).jpg
https://books.toscrape.com/catalogue/when-we-collided_955/index.html,3ecb690d1542c568,When We Collided,£31.77,£31.77,In stock (16 available),"
    We are seventeen and shattered and still dancing. We have messy, throbbing hearts, and we are stronger than anyone could ever know…Jonah never thought a girl like Vivi would come along.Vivi didn’t know Jonah would light up her world.Neither of them expected a summer like this…a summer that would rewrite their futures.In an unflinching story about new love, old wounds, and We are seventeen and shattered and still dancing. We have messy, throbbing hearts, and we are stronger than anyone could ever know…Jonah never thought a girl like Vivi would come along.Vivi didn’t know Jonah would light up her world.Neither of them expected a summer like this…a summer that would rewrite their futures.In an unflinching story about new love, old wounds, and forces beyond our control, two teens find that when you collide with the right person at just the right time, it will change you forever. ...more
",Contemporary,One,https://books.toscrape.com/media/cache/17/db/17db3de71e8217d4277a9328b04f56cf.jpg,When_We_Collided.jpg
https://books.toscrape.com/catalogue/someone-like-you-the-harrisons-2_735/index.html,a278db6b2b09cf9f,Someone Like You (The Harrisons #2),£52.79,£52.79,In stock (14 available),"
    Pierce Harrison--yes, that Pierce Harrison, black sheep of the wealthy Harrison clan--has come home to his family's luxurious Long Island compound. The big question is why the dangerously sexy soccer star agreed to coach a kids' soccer team. His co-coach Abby McCord should be grateful. Instead she's fending off some seriously smoldering advances from the scandal-ridden ath Pierce Harrison--yes, that Pierce Harrison, black sheep of the wealthy Harrison clan--has come home to his family's luxurious Long Island compound. The big question is why the dangerously sexy soccer star agreed to coach a kids' soccer team. His co-coach Abby McCord should be grateful. Instead she's fending off some seriously smoldering advances from the scandal-ridden athlete. Good thing bad boys are so not her type . . . Abby is definitely not lacking in passion, but the sweet-faced beauty needs to learn a thing or two about taking a team to the championship--and a whole lot about how to let a man into her once-broken heart. Pierce definitely knows how to make the moves, but will Abby trust that the bachelor the world has condemned as a scoundrel can settle down with the one woman who has taken hold of his heart? ...more
",Contemporary,Five,https://books.toscrape.com/media/cache/03/67/03672d82cd257167775d88568d2cce38.jpg,Someone_Like_You_(The_Harrisons_#2).jpg
https://books.toscrape.com/catalogue/we-are-all-completely-beside-ourselves_301/index.html,be3db344a845580b,We Are All Completely Beside Ourselves,£24.04,£24.04,In stock (3 available),"
    Meet the Cooke family. Our narrator is Rosemary Cooke. As a child, she never stopped talking; as a young woman, she has wrapped herself in silence: the silence of intentional forgetting, of protective cover. Something happened, something so awful she has buried it in the recesses of her mind.Now her adored older brother is a fugitive, wanted by the FBI for domestic terrori Meet the Cooke family. Our narrator is Rosemary Cooke. As a child, she never stopped talking; as a young woman, she has wrapped herself in silence: the silence of intentional forgetting, of protective cover. Something happened, something so awful she has buried it in the recesses of her mind.Now her adored older brother is a fugitive, wanted by the FBI for domestic terrorism. And her once lively mother is a shell of her former self, her clever and imperious father now a distant, brooding man.And Fern, Rosemary’s beloved sister, her accomplice in all their childhood mischief? Fern’s is a fate the family, in all their innocence, could never have imagined. ...more
",Contemporary,One,https://books.toscrape.com/media/cache/8d/95/8d95f4fd1ea785555a28d6371444ce6d.jpg,We_Are_All_Completely_Beside_Ourselves.jpg
