product_page_url,universal_product_code,book_title,price_including_tax,price_excluding_tax,quantity_available,product_description,category,review_rating,image_url,image_filename
https://books.toscrape.com/catalogue/dark-notes_800/index.html,88c21fcd38e2486e,Dark Notes,£19.19,£19.19,In stock (15 available),"
    They call me a slut. Maybe I am.Sometimes I do things I despise.Sometimes men take without asking.But I have a musical gift, only a year left of high school, and a plan.With one obstacle.Emeric Marceaux doesn’t just take.He seizes my will power and bangs it like a dark note.When he commands me to play, I want to give him everything.I kneel for his punishments, tremble for They call me a slut. Maybe I am.Sometimes I do things I despise.Sometimes men take without asking.But I have a musical gift, only a year left of high school, and a plan.With one obstacle.Emeric Marceaux doesn’t just take.He seizes my will power and bangs it like a dark note.When he commands me to play, I want to give him everything.I kneel for his punishments, tremble for his touch, and risk it all for our stolen moments.He’s my obsession, my master, my music.And my teacher. ...more
",Erotica,Five,https://books.toscrape.com/media/cache/1c/88/1c8807c42be085f3b061fe63f62a3c39.jpg,Dark_Notes.jpg
https://books.toscrape.com/catalogue/dark-notes_800/index.html,88c21fcd38e2486e,Dark Notes,£19.19,£19.19,In stock (15 available),"
    They call me a slut. Maybe I am.Sometimes I do things I despise.Sometimes men take without asking.But I have a musical gift, only a year left of high school, and a plan.With one obstacle.Emeric Marceaux doesn’t just take.He seizes my will power and bangs it like a dark note.When he commands me to play, I want to give him everything.I kneel for his punishments, tremble for They call me a slut. Maybe I am.Sometimes I do things I despise.Sometimes men take without asking.But I have a musical gift, only a year left of high school, and a plan.With one obstacle.Emeric Marceaux doesn’t just take.He seizes my will power and bangs it like a dark note.When he commands me to play, I want to give him everything.I kneel for his punishments, tremble for his touch, and risk it all for our stolen moments.He’s my obsession, my master, my music.And my teacher. ...more
",Erotica,Five,https://books.toscrape.com/media/cache/1c/88/1c8807c42be085f3b061fe63f62a3c39.jpg,Dark_Notes.jpg
