product_page_url,universal_product_code,book_title,price_including_tax,price_excluding_tax,quantity_available,product_description,category,review_rating,image_url,image_filename
https://books.toscrape.com/catalogue/sapiens-a-brief-history-of-humankind_996/index.html,4165285e1663650f,Sapiens: A Brief History of Humankind,£54.23,£54.23,In stock (20 available),"
    From a renowned historian comes a groundbreaking narrative of humanity’s creation and evolution—a #1 international bestseller—that explores the ways in which biology and history have defined us and enhanced our understanding of what it means to be “human.”One hundred thousand years ago, at least six different species of humans inhabited Earth. Yet today there is only one—h From a renowned historian comes a groundbreaking narrative of humanity’s creation and evolution—a #1 international bestseller—that explores the ways in which biology and history have defined us and enhanced our understanding of what it means to be “human.”One hundred thousand years ago, at least six different species of humans inhabited Earth. Yet today there is only one—homo sapiens. What happened to the others? And what may happen to us?Most books about the history of humanity pursue either a historical or a biological approach, but Dr. Yuval Noah Harari breaks the mold with this highly original book that begins about 70,000 years ago with the appearance of modern cognition. From examining the role evolving humans have played in the global ecosystem to charting the rise of empires, Sapiens integrates history and science to reconsider accepted narratives, connect past developments with contemporary concerns, and examine specific events within the context of larger ideas.Dr. Harari also compels us to look ahead, because over the last few decades humans have begun to bend laws of natural selection that have governed life for the past four billion years. We are acquiring the ability to design not only the world around us, but also ourselves. Where is this leading us, and what do we want to become?Featuring 27 photographs, 6 maps, and 25 illustrations/diagrams, this provocative and insightful work is sure to spark debate and is essential reading for aficionados of Jared Diamond, James Gleick, Matt Ridley, Robert Wright, and Sharon Moalem. ...more
",History,Five,https://books.toscrape.com/media/cache/ce/5f/ce5f052c65cc963cf4422be096e915c9.jpg,Sapiens:_A_Brief_History_of_Humankind.jpg
https://books.toscrape.com/catalogue/unbound-how-eight-technologies-made-us-human-transformed-society-and-brought-our-world-to-the-brink_950/index.html,9a9d6e9bc555731e,"Unbound: How Eight Technologies Made Us Human, Transformed Society, and Brought Our World to the Brink",£25.52,£25.52,In stock (16 available),"
    Although we usually think of technology as something unique to modern times, our ancestors began to create the first technologies millions of years ago in the form of prehistoric tools and weapons. Over time, eight key technologies gradually freed us from the limitations of our animal origins.The fabrication of weapons, the mastery of fire, and the technologies of clothing Although we usually think of technology as something unique to modern times, our ancestors began to create the first technologies millions of years ago in the form of prehistoric tools and weapons. Over time, eight key technologies gradually freed us from the limitations of our animal origins.The fabrication of weapons, the mastery of fire, and the technologies of clothing and shelter radically restructured the human body, enabling us to walk upright, shed our body hair, and migrate out of tropical Africa. Symbolic communication transformed human evolution from a slow biological process into a fast cultural process. The invention of agriculture revolutionized the relationship between humanity and the environment, and the technologies of interaction led to the birth of civilization. Precision machinery spawned the industrial revolution and the rise of nation-states; and in the next metamorphosis, digital technologies may well unite all of humanity for the benefit of future generations.Synthesizing the findings of primatology, paleontology, archeology, history, and anthropology, Richard Currier reinterprets and retells the modern narrative of human evolution that began with the discovery of Lucy and other Australopithecus fossils. But the same forces that allowed us to integrate technology into every aspect of our daily lives have also brought us to the brink of planetary catastrophe. Unbound explains both how we got here and how human society must be transformed again to achieve a sustainable future.Technology: “The deliberate modification of any natural object or substance with forethought to achieve a specific end or to serve a specific purpose.” ...more
",History,One,https://books.toscrape.com/media/cache/27/a1/27a1ebe79d6e6759ec68ea9f427a4f71.jpg,"Unbound:_How_Eight_Technologies_Made_Us_Human,_Transformed_Society,_and_Brought_Our_World_to_the_Brink.jpg"
https://books.toscrape.com/catalogue/the-age-of-genius-the-seventeenth-century-and-the-birth-of-the-modern-mind_929/index.html,a3d2a4250807f1e9,The Age of Genius: The Seventeenth Century and the Birth of the Modern Mind,£19.73,£19.73,In stock (16 available),"
    The Age of Genius explores the eventful intertwining of outward event and inner intellectual life to tell, in all its richness and depth, the story of the 17th century in Europe. It was a time of creativity unparalleled in history before or since, from science to the arts, from philosophy to politics. Acclaimed philosopher and historian A.C. Grayling points to three primar The Age of Genius explores the eventful intertwining of outward event and inner intellectual life to tell, in all its richness and depth, the story of the 17th century in Europe. It was a time of creativity unparalleled in history before or since, from science to the arts, from philosophy to politics. Acclaimed philosopher and historian A.C. Grayling points to three primary factors that led to the rise of vernacular (popular) languages in philosophy, theology, science, and literature; the rise of the individual as a general and not merely an aristocratic type; and the invention and application of instruments and measurement in the study of the natural world.Grayling vividly reconstructs this unprecedented era and breathes new life into the major figures of the seventeenth century intelligentsia who span literature, music, science, art, and philosophy--Shakespeare, Monteverdi, Galileo, Rembrandt, Locke, Newton, Descartes, Vermeer, Hobbes, Milton, and Cervantes, among many more. During this century, a fundamentally new way of perceiving the world emerged as reason rose to prominence over tradition, and the rights of the individual took center stage in philosophy and politics, a paradigmatic shift that would define Western thought for centuries to come. ...more
",History,One,https://books.toscrape.com/media/cache/2e/65/2e654066306042f4c462ba4d048650d9.jpg,The_Age_of_Genius:_The_Seventeenth_Century_and_the_Birth_of_the_Modern_Mind.jpg
https://books.toscrape.com/catalogue/political-suicide-missteps-peccadilloes-bad-calls-backroom-hijinx-sordid-pasts-rotten-breaks-and-just-plain-dumb-mistakes-in-the-annals-of-american-politics_917/index.html,7392c0032f92d816,"Political Suicide: Missteps, Peccadilloes, Bad Calls, Backroom Hijinx, Sordid Pasts, Rotten Breaks, and Just Plain Dumb Mistakes in the Annals of American Politics",£36.28,£36.28,In stock (16 available),"
    Just in time for the presidential election of 2016 comes Political Suicide, a history of the best and most interesting missteps, peccadilloes, bad calls, back room hijinks, sordid pasts, rotten breaks, and just plain dumb mistakes in the annals of American politics.They have tweeted their private parts to women they're trying to impress. They have gotten caught on tape doi Just in time for the presidential election of 2016 comes Political Suicide, a history of the best and most interesting missteps, peccadilloes, bad calls, back room hijinks, sordid pasts, rotten breaks, and just plain dumb mistakes in the annals of American politics. They have tweeted their private parts to women they're trying to impress. They have gotten caught on tape doing and saying things they really shouldn't have. They have denied knowing about the underhanded doings of underlings — only to have a paper trail lead straight back to them. Nowadays, it seems like half of what we hear about politicians isn't about laws or governing, but is instead coverage focused on shenanigans, questionable morals, and scandals too numerous to count. And while we shake our heads in disbelief, we still can't resist poring over the details of these notorious incidents.In Political Suicide, the foibles of our politicians are brought from the tabloid pages to this entertaining — and cautionary — tale of American history. ...more
",History,Two,https://books.toscrape.com/media/cache/31/e6/31e6e0a41e62858180b268c27b20a770.jpg,"Political_Suicide:_Missteps,_Peccadilloes,_Bad_Calls,_Backroom_Hijinx,_Sordid_Pasts,_Rotten_Breaks,_and_Just_Plain_Dumb_Mistakes_in_the_Annals_of_American_Politics.jpg"
https://books.toscrape.com/catalogue/thomas-jefferson-and-the-tripoli-pirates-the-forgotten-war-that-changed-american-history_867/index.html,de3f25248ba0789f,Thomas Jefferson and the Tripoli Pirates: The Forgotten War That Changed American History,£59.64,£59.64,In stock (15 available),"
    From the authors of the New York Times bestseller George Washington’s Secret Six ,the little-known story of Thomas Jefferson’s battle to defend America against Islamic pirates. Brian Kilmeade – cohost of “Fox & Friends” on Fox News and the national radio show “Kilmeade & Friends” – returns with another fascinating historical narrative, co-written with Don Yaeger. From the authors of the  New York Times  bestseller  George Washington’s Secret Six , the little-known story of Thomas Jefferson’s battle to defend America against Islamic pirates. Brian Kilmeade – cohost of “Fox & Friends” on Fox News and the national radio show “Kilmeade & Friends” – returns with another fascinating historical narrative, co-written with Don Yaeger. Like their acclaimed bestseller George Washington's Secret Six, Thomas Jefferson and the Tripoli Pirates sheds new light on a vitally important episode that has been forgotten by most Americans.   Only weeks after President Jefferson's inauguration in 1801, he decided to confront the Tripoli pirates who had been kidnapping American ships and sailors, among other outrageous acts. Though inclined toward diplomacy, Jefferson sent warships to blockade Tripoli and protect American shipping, and then escalated to all-out war against the Barbary states.   The tiny American flotilla—with three frigates representing half of the U.S. Navy’s top-of-the-line ships—had some success in blockading the Barbary coast. But that success came to an end when the USS Philadelphia ran aground in Tripoli harbor and was captured. Kilmeade and Yaeger recount the dramatic story of a young American sailor, Stephen Decatur, who snuck into the harbor, boarded the Philadelphia, and set her on fire before escaping amid a torrent of enemy gunfire.   Another amazing story is that of William Eaton’s daring attack on the port city of Derna. He led a detachment of Marines on a 500-mile trek across the desert to surprise the port. His strategy worked, and an American flag was raised in victory on foreign soil for the first time.     Few remember Decatur and Eaton today, but their legacy inspired the opening of the Marine Corps Hymn: “From the halls of Montezuma to the shores of Tripoli, we fight our country’s battles in the air, on land, and sea.” Thomas Jefferson and the Tripoli Pirates tells a dramatic story of bravery, diplomacy, and battle on the high seas, and honors some of America’s forgotten heroes.  ...more
",History,One,https://books.toscrape.com/media/cache/77/79/777988a85de2269905bd8c2070a3cf58.jpg,Thomas_Jefferson_and_the_Tripoli_Pirates:_The_Forgotten_War_That_Changed_American_History.jpg
https://books.toscrape.com/catalogue/zealot-the-life-and-times-of-jesus-of-nazareth_785/index.html,dd5bfa6cc2c0ecc3,Zealot: The Life and Times of Jesus of Nazareth,£24.70,£24.70,In stock (14 available),"
    From the internationally bestselling author of No god but God comes a fascinating, provocative, and meticulously researched biography that challenges long-held assumptions about the man we know as Jesus of Nazareth.Two thousand years ago, an itinerant Jewish preacher and miracle worker walked across the Galilee, gathering followers to establish what he called the “Kingdom From the internationally bestselling author of No god but God comes a fascinating, provocative, and meticulously researched biography that challenges long-held assumptions about the man we know as Jesus of Nazareth.Two thousand years ago, an itinerant Jewish preacher and miracle worker walked across the Galilee, gathering followers to establish what he called the “Kingdom of God.” The revolutionary movement he launched was so threatening to the established order that he was captured, tortured, and executed as a state criminal.Within decades after his shameful death, his followers would call him God.Sifting through centuries of mythmaking, Reza Aslan sheds new light on one of history’s most influential and enigmatic characters by examining Jesus through the lens of the tumultuous era in which he lived: first-century Palestine, an age awash in apocalyptic fervor. Scores of Jewish prophets, preachers, and would-be messiahs wandered through the Holy Land, bearing messages from God. This was the age of zealotry—a fervent nationalism that made resistance to the Roman occupation a sacred duty incumbent on all Jews. And few figures better exemplified this principle than the charismatic Galilean who defied both the imperial authorities and their allies in the Jewish religious hierarchy.Balancing the Jesus of the Gospels against the historical sources, Aslan describes a man full of conviction and passion, yet rife with contradiction; a man of peace who exhorted his followers to arm themselves with swords; an exorcist and faith healer who urged his disciples to keep his identity a secret; and ultimately the seditious “King of the Jews” whose promise of liberation from Rome went unfulfilled in his brief lifetime. Aslan explores the reasons why the early Christian church preferred to promulgate an image of Jesus as a peaceful spiritual teacher rather than a politically conscious revolutionary. And he grapples with the riddle of how Jesus understood himself, the mystery that is at the heart of all subsequent claims about his divinity.Zealot yields a fresh perspective on one of the greatest stories ever told even as it affirms the radical and transformative nature of Jesus of Nazareth’s life and mission. The result is a thought-provoking, elegantly written biography with the pulse of a fast-paced novel: a singularly brilliant portrait of a man, a time, and the birth of a religion. ...more
",History,Three,https://books.toscrape.com/media/cache/21/da/21dab5c065cfcde1bad7ded16a753102.jpg,Zealot:_The_Life_and_Times_of_Jesus_of_Nazareth.jpg
https://books.toscrape.com/catalogue/sapiens-a-brief-history-of-humankind_996/index.html,4165285e1663650f,Sapiens: A Brief History of Humankind,£54.23,£54.23,In stock (20 available),"
    From a renowned historian comes a groundbreaking narrative of humanity’s creation and evolution—a #1 international bestseller—that explores the ways in which biology and history have defined us and enhanced our understanding of what it means to be “human.”One hundred thousand years ago, at least six different species of humans inhabited Earth. Yet today there is only one—h From a renowned historian comes a groundbreaking narrative of humanity’s creation and evolution—a #1 international bestseller—that explores the ways in which biology and history have defined us and enhanced our understanding of what it means to be “human.”One hundred thousand years ago, at least six different species of humans inhabited Earth. Yet today there is only one—homo sapiens. What happened to the others? And what may happen to us?Most books about the history of humanity pursue either a historical or a biological approach, but Dr. Yuval Noah Harari breaks the mold with this highly original book that begins about 70,000 years ago with the appearance of modern cognition. From examining the role evolving humans have played in the global ecosystem to charting the rise of empires, Sapiens integrates history and science to reconsider accepted narratives, connect past developments with contemporary concerns, and examine specific events within the context of larger ideas.Dr. Harari also compels us to look ahead, because over the last few decades humans have begun to bend laws of natural selection that have governed life for the past four billion years. We are acquiring the ability to design not only the world around us, but also ourselves. Where is this leading us, and what do we want to become?Featuring 27 photographs, 6 maps, and 25 illustrations/diagrams, this provocative and insightful work is sure to spark debate and is essential reading for aficionados of Jared Diamond, James Gleick, Matt Ridley, Robert Wright, and Sharon Moalem. ...more
",History,Five,https://books.toscrape.com/media/cache/ce/5f/ce5f052c65cc963cf4422be096e915c9.jpg,Sapiens:_A_Brief_History_of_Humankind.jpg
https://books.toscrape.com/catalogue/unbound-how-eight-technologies-made-us-human-transformed-society-and-brought-our-world-to-the-brink_950/index.html,9a9d6e9bc555731e,"Unbound: How Eight Technologies Made Us Human, Transformed Society, and Brought Our World to the Brink",£25.52,£25.52,In stock (16 available),"
    Although we usually think of technology as something unique to modern times, our ancestors began to create the first technologies millions of years ago in the form of prehistoric tools and weapons. Over time, eight key technologies gradually freed us from the limitations of our animal origins.The fabrication of weapons, the mastery of fire, and the technologies of clothing Although we usually think of technology as something unique to modern times, our ancestors began to create the first technologies millions of years ago in the form of prehistoric tools and weapons. Over time, eight key technologies gradually freed us from the limitations of our animal origins.The fabrication of weapons, the mastery of fire, and the technologies of clothing and shelter radically restructured the human body, enabling us to walk upright, shed our body hair, and migrate out of tropical Africa. Symbolic communication transformed human evolution from a slow biological process into a fast cultural process. The invention of agriculture revolutionized the relationship between humanity and the environment, and the technologies of interaction led to the birth of civilization. Precision machinery spawned the industrial revolution and the rise of nation-states; and in the next metamorphosis, digital technologies may well unite all of humanity for the benefit of future generations.Synthesizing the findings of primatology, paleontology, archeology, history, and anthropology, Richard Currier reinterprets and retells the modern narrative of human evolution that began with the discovery of Lucy and other Australopithecus fossils. But the same forces that allowed us to integrate technology into every aspect of our daily lives have also brought us to the brink of planetary catastrophe. Unbound explains both how we got here and how human society must be transformed again to achieve a sustainable future.Technology: “The deliberate modification of any natural object or substance with forethought to achieve a specific end or to serve a specific purpose.” ...more
",History,One,https://books.toscrape.com/media/cache/27/a1/27a1ebe79d6e6759ec68ea9f427a4f71.jpg,"Unbound:_How_Eight_Technologies_Made_Us_Human,_Transformed_Society,_and_Brought_Our_World_to_the_Brink.jpg"
https://books.toscrape.com/catalogue/the-age-of-genius-the-seventeenth-century-and-the-birth-of-the-modern-mind_929/index.html,a3d2a4250807f1e9,The Age of Genius: The Seventeenth Century and the Birth of the Modern Mind,£19.73,£19.73,In stock (16 available),"
    The Age of Genius explores the eventful intertwining of outward event and inner intellectual life to tell, in all its richness and depth, the story of the 17th century in Europe. It was a time of creativity unparalleled in history before or since, from science to the arts, from philosophy to politics. Acclaimed philosopher and historian A.C. Grayling points to three primar The Age of Genius explores the eventful intertwining of outward event and inner intellectual life to tell, in all its richness and depth, the story of the 17th century in Europe. It was a time of creativity unparalleled in history before or since, from science to the arts, from philosophy to politics. Acclaimed philosopher and historian A.C. Grayling points to three primary factors that led to the rise of vernacular (popular) languages in philosophy, theology, science, and literature; the rise of the individual as a general and not merely an aristocratic type; and the invention and application of instruments and measurement in the study of the natural world.Grayling vividly reconstructs this unprecedented era and breathes new life into the major figures of the seventeenth century intelligentsia who span literature, music, science, art, and philosophy--Shakespeare, Monteverdi, Galileo, Rembrandt, Locke, Newton, Descartes, Vermeer, Hobbes, Milton, and Cervantes, among many more. During this century, a fundamentally new way of perceiving the world emerged as reason rose to prominence over tradition, and the rights of the individual took center stage in philosophy and politics, a paradigmatic shift that would define Western thought for centuries to come. ...more
",History,One,https://books.toscrape.com/media/cache/2e/65/2e654066306042f4c462ba4d048650d9.jpg,The_Age_of_Genius:_The_Seventeenth_Century_and_the_Birth_of_the_Modern_Mind.jpg
https://books.toscrape.com/catalogue/political-suicide-missteps-peccadilloes-bad-calls-backroom-hijinx-sordid-pasts-rotten-breaks-and-just-plain-dumb-mistakes-in-the-annals-of-american-politics_917/index.html,7392c0032f92d816,"Political Suicide: Missteps, Peccadilloes, Bad Calls, Backroom Hijinx, Sordid Pasts, Rotten Breaks, and Just Plain Dumb Mistakes in the Annals of American Politics",£36.28,£36.28,In stock (16 available),"
    Just in time for the presidential election of 2016 comes Political Suicide, a history of the best and most interesting missteps, peccadilloes, bad calls, back room hijinks, sordid pasts, rotten breaks, and just plain dumb mistakes in the annals of American politics.They have tweeted their private parts to women they're trying to impress. They have gotten caught on tape doi Just in time for the presidential election of 2016 comes Political Suicide, a history of the best and most interesting missteps, peccadilloes, bad calls, back room hijinks, sordid pasts, rotten breaks, and just plain dumb mistakes in the annals of American politics. They have tweeted their private parts to women they're trying to impress. They have gotten caught on tape doing and saying things they really shouldn't have. They have denied knowing about the underhanded doings of underlings — only to have a paper trail lead straight back to them. Nowadays, it seems like half of what we hear about politicians isn't about laws or governing, but is instead coverage focused on shenanigans, questionable morals, and scandals too numerous to count. And while we shake our heads in disbelief, we still can't resist poring over the details of these notorious incidents.In Political Suicide, the foibles of our politicians are brought from the tabloid pages to this entertaining — and cautionary — tale of American history. ...more
",History,Two,https://books.toscrape.com/media/cache/31/e6/31e6e0a41e62858180b268c27b20a770.jpg,"Political_Suicide:_Missteps,_Peccadilloes,_Bad_Calls,_Backroom_Hijinx,_Sordid_Pasts,_Rotten_Breaks,_and_Just_Plain_Dumb_Mistakes_in_the_Annals_of_American_Politics.jpg"
https://books.toscrape.com/catalogue/thomas-jefferson-and-the-tripoli-pirates-the-forgotten-war-that-changed-american-history_867/index.html,de3f25248ba0789f,Thomas Jefferson and the Tripoli Pirates: The Forgotten War That Changed American History,£59.64,£59.64,In stock (15 available),"
    From the authors of the New York Times bestseller George Washington’s Secret Six ,the little-known story of Thomas Jefferson’s battle to defend America against Islamic pirates. Brian Kilmeade – cohost of “Fox & Friends” on Fox News and the national radio show “Kilmeade & Friends” – returns with another fascinating historical narrative, co-written with Don Yaeger. From the authors of the  New York Times  bestseller  George Washington’s Secret Six , the little-known story of Thomas Jefferson’s battle to defend America against Islamic pirates. Brian Kilmeade – cohost of “Fox & Friends” on Fox News and the national radio show “Kilmeade & Friends” – returns with another fascinating historical narrative, co-written with Don Yaeger. Like their acclaimed bestseller George Washington's Secret Six, Thomas Jefferson and the Tripoli Pirates sheds new light on a vitally important episode that has been forgotten by most Americans.   Only weeks after President Jefferson's inauguration in 1801, he decided to confront the Tripoli pirates who had been kidnapping American ships and sailors, among other outrageous acts. Though inclined toward diplomacy, Jefferson sent warships to blockade Tripoli and protect American shipping, and then escalated to all-out war against the Barbary states.   The tiny American flotilla—with three frigates representing half of the U.S. Navy’s top-of-the-line ships—had some success in blockading the Barbary coast. But that success came to an end when the USS Philadelphia ran aground in Tripoli harbor and was captured. Kilmeade and Yaeger recount the dramatic story of a young American sailor, Stephen Decatur, who snuck into the harbor, boarded the Philadelphia, and set her on fire before escaping amid a torrent of enemy gunfire.   Another amazing story is that of William Eaton’s daring attack on the port city of Derna. He led a detachment of Marines on a 500-mile trek across the desert to surprise the port. His strategy worked, and an American flag was raised in victory on foreign soil for the first time.     Few remember Decatur and Eaton today, but their legacy inspired the opening of the Marine Corps Hymn: “From the halls of Montezuma to the shores of Tripoli, we fight our country’s battles in the air, on land, and sea.” Thomas Jefferson and the Tripoli Pirates tells a dramatic story of bravery, diplomacy, and battle on the high seas, and honors some of America’s forgotten heroes.  ...more
",History,One,https://books.toscrape.com/media/cache/77/79/777988a85de2269905bd8c2070a3cf58.jpg,Thomas_Jefferson_and_the_Tripoli_Pirates:_The_Forgotten_War_That_Changed_American_History.jpg
https://books.toscrape.com/catalogue/zealot-the-life-and-times-of-jesus-of-nazareth_785/index.html,dd5bfa6cc2c0ecc3,Zealot: The Life and Times of Jesus of Nazareth,£24.70,£24.70,In stock (14 available),"
    From the internationally bestselling author of No god but God comes a fascinating, provocative, and meticulously researched biography that challenges long-held assumptions about the man we know as Jesus of Nazareth.Two thousand years ago, an itinerant Jewish preacher and miracle worker walked across the Galilee, gathering followers to establish what he called the “Kingdom From the internationally bestselling author of No god but God comes a fascinating, provocative, and meticulously researched biography that challenges long-held assumptions about the man we know as Jesus of Nazareth.Two thousand years ago, an itinerant Jewish preacher and miracle worker walked across the Galilee, gathering followers to establish what he called the “Kingdom of God.” The revolutionary movement he launched was so threatening to the established order that he was captured, tortured, and executed as a state criminal.Within decades after his shameful death, his followers would call him God.Sifting through centuries of mythmaking, Reza Aslan sheds new light on one of history’s most influential and enigmatic characters by examining Jesus through the lens of the tumultuous era in which he lived: first-century Palestine, an age awash in apocalyptic fervor. Scores of Jewish prophets, preachers, and would-be messiahs wandered through the Holy Land, bearing messages from God. This was the age of zealotry—a fervent nationalism that made resistance to the Roman occupation a sacred duty incumbent on all Jews. And few figures better exemplified this principle than the charismatic Galilean who defied both the imperial authorities and their allies in the Jewish religious hierarchy.Balancing the Jesus of the Gospels against the historical sources, Aslan describes a man full of conviction and passion, yet rife with contradiction; a man of peace who exhorted his followers to arm themselves with swords; an exorcist and faith healer who urged his disciples to keep his identity a secret; and ultimately the seditious “King of the Jews” whose promise of liberation from Rome went unfulfilled in his brief lifetime. Aslan explores the reasons why the early Christian church preferred to promulgate an image of Jesus as a peaceful spiritual teacher rather than a politically conscious revolutionary. And he grapples with the riddle of how Jesus understood himself, the mystery that is at the heart of all subsequent claims about his divinity.Zealot yields a fresh perspective on one of the greatest stories ever told even as it affirms the radical and transformative nature of Jesus of Nazareth’s life and mission. The result is a thought-provoking, elegantly written biography with the pulse of a fast-paced novel: a singularly brilliant portrait of a man, a time, and the birth of a religion. ...more
",History,Three,https://books.toscrape.com/media/cache/21/da/21dab5c065cfcde1bad7ded16a753102.jpg,Zealot:_The_Life_and_Times_of_Jesus_of_Nazareth.jpg
https://books.toscrape.com/catalogue/a-distant-mirror-the-calamitous-14th-century_652/index.html,d5e0526e1ab682a3,A Distant Mirror: The Calamitous 14th Century,£14.58,£14.58,In stock (14 available),"
    Barbara W. Tuchman--the acclaimed author of the Pulitzer Prize–winning classic The Guns of August--once again marshals her gift for character, history, and sparkling prose to compose an astonishing portrait of medieval Europe.The fourteenth century reflects two contradictory images: on the one hand, a glittering age of crusades, cathedrals, and chivalry; on the other, a wo Barbara W. Tuchman--the acclaimed author of the Pulitzer Prize–winning classic The Guns of August--once again marshals her gift for character, history, and sparkling prose to compose an astonishing portrait of medieval Europe.The fourteenth century reflects two contradictory images: on the one hand, a glittering age of crusades, cathedrals, and chivalry; on the other, a world plunged into chaos and spiritual agony. In this revelatory work, Tuchman examines not only the great rhythms of history but the grain and texture of domestic life: what childhood was like; what marriage meant; how money, taxes, and war dominated the lives of serf, noble, and clergy alike. Granting her subjects their loyalties, treacheries, and guilty passions, Tuchman re-creates the lives of proud cardinals, university scholars, grocers and clerks, saints and mystics, lawyers and mercenaries, and, dominating all, the knight--in all his valor and “furious follies,” a “terrible worm in an iron cocoon.” ...more
",History,Three,https://books.toscrape.com/media/cache/d8/0a/d80ac19cd0aef94c5ac257b1eb3c1d37.jpg,A_Distant_Mirror:_The_Calamitous_14th_Century.jpg
https://books.toscrape.com/catalogue/1491-new-revelations-of-the-americas-before-columbus_650/index.html,6e8e5626ac4d279e,1491: New Revelations of the Americas Before Columbus,£21.80,£21.80,In stock (14 available),"
    In this groundbreaking work of science, history, and archaeology, Charles C. Mann radically alters our understanding of the Americas before the arrival of Columbus in 1492.Contrary to what so many Americans learn in school, the pre-Columbian Indians were not sparsely settled in a pristine wilderness; rather, there were huge numbers of Indians who actively molded and influe In this groundbreaking work of science, history, and archaeology, Charles C. Mann radically alters our understanding of the Americas before the arrival of Columbus in 1492. Contrary to what so many Americans learn in school, the pre-Columbian Indians were not sparsely settled in a pristine wilderness; rather, there were huge numbers of Indians who actively molded and influenced the land around them. The astonishing Aztec capital of Tenochtitlan had running water and immaculately clean streets, and was larger than any contemporary European city. Mexican cultures created corn in a specialized breeding process that it has been called man’s first feat of genetic engineering. Indeed, Indians were not living lightly on the land but were landscaping and manipulating their world in ways that we are only now beginning to understand. Challenging and surprising, this a transformative new look at a rich and fascinating world we only thought we knew. ...more
",History,Three,https://books.toscrape.com/media/cache/2d/d2/2dd235d80326531092c70e191d630c7d.jpg,1491:_New_Revelations_of_the_Americas_Before_Columbus.jpg
https://books.toscrape.com/catalogue/brilliant-beacons-a-history-of-the-american-lighthouse_515/index.html,7f5157bf53065d36,Brilliant Beacons: A History of the American Lighthouse,£11.45,£11.45,In stock (8 available),"
    Set against the backdrop of an expanding nation,Brilliant Beaconstraces the evolution of America's lighthouse system from its earliest days, highlighting the political, military, and technological battles fought to illuminate the nation's hardscrabble coastlines. Beginning with ""Boston Light,""America’s first lighthouse, Dolin shows how the story of America, from colony to Set against the backdrop of an expanding nation, Brilliant Beacons traces the evolution of America's lighthouse system from its earliest days, highlighting the political, military, and technological battles fought to illuminate the nation's hardscrabble coastlines. Beginning with ""Boston Light,"" America’s first lighthouse, Dolin shows how the story of America, from colony to regional backwater, to fledging nation, and eventually to global industrial power, can be illustrated through its lighthouses.Even in the colonial era, the question of how best to solve the collective problem of lighting our ports, reefs, and coasts through a patchwork of private interests and independent localities telegraphed the great American debate over federalism and the role of a centralized government. As the nation expanded, throughout the nineteenth and early twentieth centuries, so too did the coastlines in need of illumination, from New England to the Gulf of Mexico, the Great Lakes, the Pacific Coast all the way to Alaska. In Dolin's hands we see how each of these beacons tell its own story of political squabbling, technological advancement, engineering marvel, and individual derring-do.In rollicking detail, Dolin treats readers to a memorable cast of characters, from the penny-pinching Treasury official Stephen Pleasonton, who hamstrung the country's efforts to adopt the revolutionary Fresnel lens, to the indomitable Katherine Walker, who presided so heroically over New York Harbor as keeper at Robbins Reef Lighthouse that she was hailed as a genuine New York City folk hero upon her death in 1931. He also animates American military history from the Revolution to the Civil War and presents tales both humorous and harrowing of soldiers, saboteurs, Civil War battles, ruthless egg collectors, and, most important, the lighthouse keepers themselves, men and women who often performed astonishing acts of heroism in carrying out their duties.In the modern world of GPS and satellite-monitored shipping lanes, Brilliant Beacons forms a poignant elegy for the bygone days of the lighthouse, a symbol of American ingenuity that served as both a warning and a sign of hope for generations of mariners; and it also shows how these sentinels have endured, retaining their vibrancy to the present day. Containing over 150 photographs and illustrations, Brilliant Beacons vividly reframes America's history. ...more
",History,Three,https://books.toscrape.com/media/cache/ba/59/ba5913de7abe0d9dbe9c8128092a52af.jpg,Brilliant_Beacons:_A_History_of_the_American_Lighthouse.jpg
https://books.toscrape.com/catalogue/most-blessed-of-the-patriarchs-thomas-jefferson-and-the-empire-of-the-imagination_509/index.html,f16c2edb2a603f92,"""Most Blessed of the Patriarchs"": Thomas Jefferson and the Empire of the Imagination",£44.48,£44.48,In stock (8 available),"
    Thomas Jefferson is often portrayed as a hopelessly enigmatic figure—a riddle—a man so riven with contradictions that he is almost impossible to know. Lauded as the most articulate voice of American freedom and equality, even as he held people—including his own family—in bondage, Jefferson is variably described as a hypocrite, an atheist, or a simple-minded proponent of li Thomas Jefferson is often portrayed as a hopelessly enigmatic figure—a riddle—a man so riven with contradictions that he is almost impossible to know. Lauded as the most articulate voice of American freedom and equality, even as he held people—including his own family—in bondage, Jefferson is variably described as a hypocrite, an atheist, or a simple-minded proponent of limited government who expected all Americans to be farmers forever.Now, Annette Gordon-Reed teams up with America's leading Jefferson scholar, Peter S. Onuf, to present an absorbing and revealing character study that dispels the many clichés that have accrued over the years about our third president. Challenging the widely prevalent belief that Jefferson remains so opaque as to be unknowable, the authors—through their careful analysis, painstaking research, and vivid prose—create a portrait of Jefferson, as he might have painted himself, one ""comprised of equal parts sun and shadow"" (Jane Kamensky).Tracing Jefferson's philosophical development from youth to old age, the authors explore what they call the ""empire"" of Jefferson's imagination—an expansive state of mind born of his origins in a slave society, his intellectual influences, and the vaulting ambition that propelled him into public life as a modern avatar of the Enlightenment who, at the same time, likened himself to a figure of old—""the most blessed of the patriarchs."" Indeed, Jefferson saw himself as a ""patriarch,"" not just to his country and mountain-like home at Monticello but also to his family, the white half that he loved so publicly, as well as to the black side that he claimed to love, a contradiction of extraordinary historical magnitude.Divided into three sections, ""Most Blessed of the Patriarchs"" reveals a striking personal dimension to his life. Part I, ""Patriarch,"" explores Jeffersons's origins in Virgina; Part II, "" 'Traveller,' "" covers his five-year sojourn to Paris; and Part III, ""Enthusiast,"" delves insightfully into the Virginian's views on Christianity, slavery, and race. We see not just his ideas and vision of America but come to know him in an almost familial way, such as through the importance of music in his life.""Most Blessed of the Patriarchs"" fundamentally challenges much of what we’ve come to accept about Jefferson, neither hypocrite nor saint, atheist nor fundamentalist. Gordon-Reed and Onuf, through a close reading of Jefferson’s own words, reintroduce us all to our most influential founding father: a man more gifted than most, but complicated in just the ways we all are. ...more
",History,Five,https://books.toscrape.com/media/cache/43/f2/43f25e9633b587a4052b517cd7b3b4a9.jpg,"""Most_Blessed_of_the_Patriarchs"":_Thomas_Jefferson_and_the_Empire_of_the_Imagination.jpg"
https://books.toscrape.com/catalogue/a-short-history-of-nearly-everything_457/index.html,6c7fa6844380f50a,A Short History of Nearly Everything,£52.40,£52.40,In stock (7 available),"
    In Bryson's biggest book, he confronts his greatest challenge: to understand—and, if possible, answer—the oldest, biggest questions we have posed about the universe and ourselves. Taking as territory everything from the Big Bang to the rise of civilization, Bryson seeks to understand how we got from there being nothing at all to there being us. To that end, he has attached In Bryson's biggest book, he confronts his greatest challenge: to understand—and, if possible, answer—the oldest, biggest questions we have posed about the universe and ourselves. Taking as territory everything from the Big Bang to the rise of civilization, Bryson seeks to understand how we got from there being nothing at all to there being us. To that end, he has attached himself to a host of the world’s most advanced (and often obsessed) archaeologists, anthropologists, and mathematicians, travelling to their offices, laboratories, and field camps. He has read (or tried to read) their books, pestered them with questions, apprenticed himself to their powerful minds. A Short History of Nearly Everything is the record of this quest, and it is a sometimes profound, sometimes funny, and always supremely clear and entertaining adventure in the realms of human knowledge, as only Bill Bryson can render it. Science has never been more involving or entertaining. ...more
",History,Five,https://books.toscrape.com/media/cache/17/aa/17aa3d17bae02fa1d0e2a831c0c0e58b.jpg,A_Short_History_of_Nearly_Everything.jpg
https://books.toscrape.com/catalogue/the-rise-and-fall-of-the-third-reich-a-history-of-nazi-germany_454/index.html,774fa432bd7d9c47,The Rise and Fall of the Third Reich: A History of Nazi Germany,£39.67,£39.67,In stock (6 available),"
    Hitler boasted that The Third Reich would last a thousand years. It lasted only 12. But those 12 years contained some of the most catastrophic events Western civilization has ever known. In The Rise and Fall of the Third Reich, William L. Shirer gave us the definitive book on Hitler's German Empire. Based on his personal experiences as a war correspondent as well as the vo Hitler boasted that The Third Reich would last a thousand years. It lasted only 12. But those 12 years contained some of the most catastrophic events Western civilization has ever known. In The Rise and Fall of the Third Reich, William L. Shirer gave us the definitive book on Hitler's German Empire. Based on his personal experiences as a war correspondent as well as the voluminous documents that came out of Germany after the war, this thrilling account of Hitler's reign is widely acclaimed to be one of the greatest historical works of our time. Now available as an exclusive anniversary edition, this volume is as compelling as ever. Everything about the period is explained to the fullest, beginning with Hitler's rise to power, the Nazification of Germany and the march to war. The accounts of how the United States got involved and how Hitler used Mussolini and Japan are astonishing, and the coverage of the war-from Germany's early successes to her eventual defeat-is must reading ...more
",History,Two,https://books.toscrape.com/media/cache/10/f6/10f6ebfa89b070ba39ad7c4c872c96ea.jpg,The_Rise_and_Fall_of_the_Third_Reich:_A_History_of_Nazi_Germany.jpg
https://books.toscrape.com/catalogue/catherine-the-great-portrait-of-a-woman_424/index.html,f3c70d296ec796c4,Catherine the Great: Portrait of a Woman,£58.55,£58.55,In stock (6 available),"
    Pulitzer Prize winner Massie offers the tale of a princess who went to Russia at 14 and became one of the most powerful women in history. Born into minor German nobility, she transformed herself into an empress by sheer determination. Possessing a brilliant, curious mind, she devoured the works of Enlightenment philosophers, and reaching the throne, tried using their princ Pulitzer Prize winner Massie offers the tale of a princess who went to Russia at 14 and became one of the most powerful women in history. Born into minor German nobility, she transformed herself into an empress by sheer determination. Possessing a brilliant, curious mind, she devoured the works of Enlightenment philosophers, and reaching the throne, tried using their principles to rule the vast, backward empire. She knew or corresponded with notable figures of her time: Voltaire, Diderot, Frederick the Great, Maria Theresa of Austria, Marie Antoinette & John Paul Jones. Wanting to be the “benevolent despot” Montesquieu idealized, she contended with the deeply ingrained realities of Russian life, including serfdom. She persevered, and for 34 years the government, foreign policy, cultural development and welfare of the Russian people were in her hands. She dealt with domestic rebellion, wars & the tides of political change and violence inspired by the French Revolution. Her reputation depended on the perspective of the speaker. She was praised by Voltaire as like the classical philosophers. She was condemned by enemies, mostly foreign, as “the Messalina of the north.” Her family, friends, ministers, generals, lovers and enemies are vividly described. These included her ambitious, scheming mother; her weak, bullying husband, Peter (who left her sexually untouched for nine years after their marriage); her unhappy son & heir, Paul; her beloved grandchildren; and her favorites — the young men from whom she sought companionship and the recapture of youth as well as sex. Here, too, is Gregory Potemkin, her most significant lover & possible husband, with whom she shared a correspondence of love & separation, followed by 17 years of unparalleled mutual achievement. All the qualities that Massie brought to Nicholas & Alexandra and Peter the Great are present: historical accuracy, deep understanding, felicity of style, mastery of detail, ability to shatter myth & a genius for finding and expressing a human drama. ...more
",History,Four,https://books.toscrape.com/media/cache/37/3a/373af6af58a00ca69602d74b81951ac4.jpg,Catherine_the_Great:_Portrait_of_a_Woman.jpg
https://books.toscrape.com/catalogue/the-mathews-men-seven-brothers-and-the-war-against-hitlers-u-boats_408/index.html,0d210d2448c3018f,The Mathews Men: Seven Brothers and the War Against Hitler's U-boats,£42.91,£42.91,In stock (5 available),"
    One of the last unheralded heroic stories of World War II: the U-boat assault off the American coast against the men of the U.S. Merchant Marine who were supplying the European war, and one community’s monumental contribution to that effortPraise for The Mathews Men“The German U-Boat war against American merchant men was deadly and dramatic—in World War II, the U.S. Mercha One of the last unheralded heroic stories of World War II: the U-boat assault off the American coast against the men of the U.S. Merchant Marine who were supplying the European war, and one community’s monumental contribution to that effortPraise for The Mathews Men“The German U-Boat war against American merchant men was deadly and dramatic—in World War II, the U.S. Merchant Marine had twice the fatality rate of the U.S. Navy. William Geroux has unearthed a fascinating tale of one small coastal town caught in the thick of the fight, and he tells it with a sharp reporter’s eye and a real feel for the heroic men who went down to the sea in ships.” —Evan Thomas, author of Being Nixon and Sea of ThunderMathews County, Virginia, is a remote outpost on the Chesapeake Bay with little to offer except unspoiled scenery—but it sent one of the largest concentrations of sea captains and U.S. merchant mariners of any community in America to fight in World War II. The Mathews Men tells that heroic story through the experiences of one extraordinary family whose seven sons (and their neighbors), U.S. merchant mariners all, suddenly found themselves squarely in the cross-hairs of the U-boats bearing down on the coastal United States in 1942.             From the late 1930s to 1945, virtually all the fuel, food and munitions that sustained the Allies in Europe traveled not via the Navy but in merchant ships. After Pearl Harbor, those unprotected ships instantly became the U-boats’ prime targets. And they were easy targets—the Navy lacked the inclination or resources to defend them until the beginning of 1943. Hitler was determined that his U-boats should sink every American ship they could find, sometimes within sight of tourist beaches, and to kill as many mariners as possible, in order to frighten their shipmates into staying ashore.             As the war progressed, men from Mathews sailed the North and South Atlantic, the Caribbean, the Gulf of Mexico, the Mediterranean, the Indian Ocean, and even the icy Barents Sea in the Arctic Circle, where they braved the dreaded Murmansk Run. Through their experiences we have eyewitnesses to every danger zone, in every kind of ship. Some died horrific deaths. Others fought to survive torpedo explosions, flaming oil slicks, storms, shark attacks, mine blasts, and harrowing lifeboat odysseys—only to ship out again on the next boat as soon as they'd returned to safety.            The Mathews Men shows us the war far beyond traditional battlefields—often the U.S. merchant mariners’ life-and-death struggles took place just off the U.S. coast—but also takes us to the landing beaches at D-Day and to the Pacific. “When final victory is ours,” General Dwight D. Eisenhower had predicted, “there is no organization that will share its credit more deservedly than the Merchant Marine.” Here, finally, is the heroic story of those merchant seamen, recast as the human story of the men from Mathews. ...more
",History,Five,https://books.toscrape.com/media/cache/52/74/5274c64fbcb7ce4bbf427ed751f6cada.jpg,The_Mathews_Men:_Seven_Brothers_and_the_War_Against_Hitler's_U-boats.jpg
https://books.toscrape.com/catalogue/the-hiding-place_406/index.html,c4589ee5977a47be,The Hiding Place,£55.91,£55.91,In stock (5 available),"
    At one time Corrie ten Boom would have laughed at the Idea that there would ever be a story to tell. For the first fifty years of her life nothing at all out of the ordinary had ever happened to her. She was an old-maid watchmaker living contentedly with her spinster sister and their elderly father in the tiny Dutch house over their shop. Their uneventful days, as regulate At one time Corrie ten Boom would have laughed at the Idea that there would ever be a story to tell. For the first fifty years of her life nothing at all out of the ordinary had ever happened to her. She was an old-maid watchmaker living contentedly with her spinster sister and their elderly father in the tiny Dutch house over their shop. Their uneventful days, as regulated as their own watches, revolved around their abiding love for one another. However, with the Nazi invasion and occupation of Holland, a story did ensue. Corrie ten Boom and her family became leaders in the Dutch Underground, hiding Jewish people in their home in a specially built room and aiding their escape from the Nazis. For their help, all but Corrie found death in a concentration camp. The Hiding Place is their story. ...more
",History,Four,https://books.toscrape.com/media/cache/74/92/74927818a922712c13999a8043f7f35c.jpg,The_Hiding_Place.jpg
https://books.toscrape.com/catalogue/americas-war-for-the-greater-middle-east-a-military-history_361/index.html,add33db6ff80db24,America's War for the Greater Middle East: A Military History,£51.22,£51.22,In stock (5 available),"
    Retired army colonel and New York Times bestselling author Andrew J. Bacevich provides a searing reassessment of U.S. military policy in the Middle East over the past four decades. From the end of World War II until 1980, virtually no American soldiers were killed in action while serving in the Greater Middle East. Since 1990, virtually no American soldiers have been kille Retired army colonel and New York Times bestselling author Andrew J. Bacevich provides a searing reassessment of U.S. military policy in the Middle East over the past four decades. From the end of World War II until 1980, virtually no American soldiers were killed in action while serving in the Greater Middle East. Since 1990, virtually no American soldiers have been killed in action anywhere else. What caused this shift? Andrew J. Bacevich, one of the country’s most respected voices on foreign affairs, offers an incisive critical history of this ongoing military enterprise—now more than thirty years old and with no end in sight. During the 1980s, Bacevich argues, a great transition occurred. As the Cold War wound down, the United States initiated a new conflict—a War for the Greater Middle East—that continues to the present day. The long twilight struggle with the Soviet Union had involved only occasional and sporadic fighting. But as this new war unfolded, hostilities became persistent. From the Balkans and East Africa to the Persian Gulf and Central Asia, U.S. forces embarked upon a seemingly endless series of campaigns across the Islamic world. Few achieved anything remotely like conclusive success. Instead, actions undertaken with expectations of promoting peace and stability produced just the opposite. As a consequence, phrases like “permanent war” and “open-ended war” have become part of everyday discourse. Connecting the dots in a way no other historian has done before, Bacevich weaves a compelling narrative out of episodes as varied as the Beirut bombing of 1983, the Mogadishu firefight of 1993, the invasion of Iraq in 2003, and the rise of ISIS in the present decade. Understanding what America’s costly military exertions have wrought requires seeing these seemingly discrete events as parts of a single war. It also requires identifying the errors of judgment made by political leaders in both parties and by senior military officers who share responsibility for what has become a monumental march to folly. This Bacevich unflinchingly does. A twenty-year army veteran who served in Vietnam, Andrew J. Bacevich brings the full weight of his expertise to this vitally important subject. America’s War for the Greater Middle East is a bracing after-action report from the front lines of history. It will fundamentally change the way we view America’s engagement in the world’s most volatile region.Advance praise for America’s War for the Greater Middle East“In one arresting book after another, Bacevich has relentlessly laid bare the failings of American foreign policy since the Cold War. This one is his sad crowning achievement: the story of our long and growing military entanglement in the region of the most tragic, bitter, and intractable of conflicts.”—Richard K. Betts, director, Saltzman Institute of War and Peace Studies, Columbia University “An unparalleled historical tour de force certain to affect the formation of future U.S. foreign policy . . . Every citizen aspiring to high office needs not only to read but to study and learn from this important book. This is one of the most serious and essential books I have read in more than half a century of public service.”—Lieutenant General Paul K. Van Riper, U.S. Marine Corps (Ret.) “Bacevich asks and answers a provocative, inconvenient question: In a multigenerational war in the Middle East, ‘Why has the world’s mightiest military achieved so little?’ ”—Graham Allison, director, Belfer Center for Science and International Affairs, and Douglas Dillon Professor of Government at Harvard’s John F. Kennedy School of GovernmentFrom the Hardcover edition. ...more
",History,Two,https://books.toscrape.com/media/cache/da/0c/da0ca0d6586f8164b7a96d4c807a6c7f.jpg,America's_War_for_the_Greater_Middle_East:_A_Military_History.jpg
https://books.toscrape.com/catalogue/the-guns-of-august_254/index.html,b5da59dd177eb36b,The Guns of August,£14.54,£14.54,In stock (3 available),"
    The Pulitzer Prize-winning classic about the outbreak of World War IHistorian & Pulitzer Prize-winning author Barbara Tuchman has brought to life again the people and events that led up to WWI. With attention to fascinating detail, and an intense knowledge of her subject and its characters, she reveals just how the war started, why, and why it could have been stopped b The Pulitzer Prize-winning classic about the outbreak of World War IHistorian & Pulitzer Prize-winning author Barbara Tuchman has brought to life again the people and events that led up to WWI. With attention to fascinating detail, and an intense knowledge of her subject and its characters, she reveals just how the war started, why, and why it could have been stopped but wasn't. A classic historical survey of a time and a people we all need to know more about, THE GUNS OF AUGUST will not be forgotten. ...more
",History,Two,https://books.toscrape.com/media/cache/ca/23/ca23598be538026a7898232e8a1079d0.jpg,The_Guns_of_August.jpg
https://books.toscrape.com/catalogue/house-of-lost-worlds-dinosaurs-dynasties-and-the-story-of-life-on-earth_170/index.html,1812b8f5641287e3,"House of Lost Worlds: Dinosaurs, Dynasties, and the Story of Life on Earth",£43.70,£43.70,In stock (3 available),"
    This fascinating book tells the story of how one museum changed ideas about dinosaurs, dynasties, and even the story of life on earth. The Yale Peabody Museum of Natural History, now celebrating its 150th anniversary, has remade the way we see the world. Delving into the museum’s storied and colorful past, award-winning author Richard Conniff introduces a cast of bold expl This fascinating book tells the story of how one museum changed ideas about dinosaurs, dynasties, and even the story of life on earth. The Yale Peabody Museum of Natural History, now celebrating its 150th anniversary, has remade the way we see the world. Delving into the museum’s storied and colorful past, award-winning author Richard Conniff introduces a cast of bold explorers, roughneck bone hunters, and visionary scientists. Some became famous for wresting Brontosaurus, Triceratops, and other dinosaurs from the earth, others pioneered the introduction of science education in North America, and still others rediscovered the long-buried glory of Machu Picchu.   In this lively tale of events, achievements, and scandals from throughout the museum’s history. Readers will encounter renowned paleontologist O. C. Marsh who engaged in ferocious combat with his “Bone Wars” rival Edward Drinker Cope, as well as dozens of other intriguing characters. Nearly 100 color images portray important figures in the Peabody’s history and special objects from the museum’s 13-million-item collections. For anyone with an interest in exploring, understanding, and protecting the natural world, this book will deliver abundant delights. ...more
",History,Two,https://books.toscrape.com/media/cache/f5/b7/f5b783f6cfdfe30895d912f9e337bb22.jpg,"House_of_Lost_Worlds:_Dinosaurs,_Dynasties,_and_the_Story_of_Life_on_Earth.jpg"
