product_page_url,universal_product_code,book_title,price_including_tax,price_excluding_tax,quantity_available,product_description,category,review_rating,image_url,image_filename
https://books.toscrape.com/catalogue/without-borders-wanderlove-1_956/index.html,acddfeab2a407640,Without Borders (Wanderlove #1),£45.07,£45.07,In stock (16 available),"
    For Annie London, a month in a Central American rainforest means handing out mosquito nets, giving medical aid, and teaching children about the birds and the bees. With any luck, it will also land her application in the “accepted” pile at a top tier medical school. But as soon as she steps off the plane, Annie realizes her bug spray, feeble Spanish, and medical supplies wo For Annie London, a month in a Central American rainforest means handing out mosquito nets, giving medical aid, and teaching children about the birds and the bees. With any luck, it will also land her application in the “accepted” pile at a top tier medical school. But as soon as she steps off the plane, Annie realizes her bug spray, feeble Spanish, and medical supplies won’t help her deal with her new feelings for Felipe—her best friend's older brother, who's much hotter than she remembers, and who also happens to be the doctor in charge of the trip.Gawking “volun-tourists” may keep his family’s medical clinic afloat, but Dr. Felipe Gutierrez doesn’t have to like them. Or the way they make snap judgments about his practice and the people he cares for. But when his old crush, Annie, shows up to volunteer, her killer curves and kind smile fan the embers of a flame Felipe didn’t realize he’d been carrying. A flame that makes him question all his preconceived notions.As ideas and cultures clash, Annie and Felipe must decide how far outside their comfort zones they are willing to go—both for their work and for one another. ...more
",New Adult,Two,https://books.toscrape.com/media/cache/de/26/de269ee688d4dc51846567f3942600ce.jpg,Without_Borders_(Wanderlove_#1).jpg
https://books.toscrape.com/catalogue/the-mistake-off-campus-2_851/index.html,99ff4cc6491e8f5c,The Mistake (Off-Campus #2),£43.29,£43.29,In stock (15 available),"
    He’s a player in more ways than one…College junior John Logan can get any girl he wants. For this hockey star, life is a parade of parties and hook-ups, but behind his killer grins and easygoing charm, he hides growing despair about the dead-end road he’ll be forced to walk after graduation. A sexy encounter with freshman Grace Ivers is just the distraction he needs, but w He’s a player in more ways than one…College junior John Logan can get any girl he wants. For this hockey star, life is a parade of parties and hook-ups, but behind his killer grins and easygoing charm, he hides growing despair about the dead-end road he’ll be forced to walk after graduation. A sexy encounter with freshman Grace Ivers is just the distraction he needs, but when a thoughtless mistake pushes her away, Logan plans to spend his final year proving to her that he’s worth a second chance.Now he’s going to need to up his game…After a less than stellar freshman year, Grace is back at Briar University, older, wiser, and so over the arrogant hockey player she nearly handed her V-card to. She’s not a charity case, and she’s not the quiet butterfly she was when they first hooked up. If Logan expects her to roll over and beg like all his other puck bunnies, he can think again. He wants her back? He’ll have to work for it. This time around, she’ll be the one in the driver’s seat…and she plans on driving him wild. ...more
",New Adult,Three,https://books.toscrape.com/media/cache/95/49/9549db6862283a388659611bda63b97b.jpg,The_Mistake_(Off-Campus_#2).jpg
https://books.toscrape.com/catalogue/the-matchmakers-playbook-wingmen-inc-1_850/index.html,08db62f24627e71f,The Matchmaker's Playbook (Wingmen Inc. #1),£55.85,£55.85,In stock (15 available),"
    Wingman rule number one: don’t fall for a client.After a career-ending accident, former NFL recruit Ian Hunter is back on campus—and he’s ready to get his new game on. As one of the masterminds behind Wingmen, Inc., a successful and secretive word-of-mouth dating service, he’s putting his extensive skills with women to work for the lovelorn. But when Blake Olson requests t Wingman rule number one: don’t fall for a client.After a career-ending accident, former NFL recruit Ian Hunter is back on campus—and he’s ready to get his new game on. As one of the masterminds behind Wingmen, Inc., a successful and secretive word-of-mouth dating service, he’s putting his extensive skills with women to work for the lovelorn. But when Blake Olson requests the services of Wingmen, Inc., Ian may have landed his most hopeless client yet.From her frumpy athletic gear to her unfortunate choice of footwear, Blake is going to need a miracle if she wants to land her crush. At least with a professional matchmaker by her side she has a fighting chance. Ian knows that his advice and a makeover can turn Blake into another successful match. But as Blake begins the transformation from hot mess to smokin’ hot, Ian realizes he’s in danger of breaking his cardinal rule.… ...more
",New Adult,One,https://books.toscrape.com/media/cache/e9/e3/e9e3736effeb4982324dd0e4e64b2e81.jpg,The_Matchmaker's_Playbook_(Wingmen_Inc._#1).jpg
https://books.toscrape.com/catalogue/without-borders-wanderlove-1_956/index.html,acddfeab2a407640,Without Borders (Wanderlove #1),£45.07,£45.07,In stock (16 available),"
    For Annie London, a month in a Central American rainforest means handing out mosquito nets, giving medical aid, and teaching children about the birds and the bees. With any luck, it will also land her application in the “accepted” pile at a top tier medical school. But as soon as she steps off the plane, Annie realizes her bug spray, feeble Spanish, and medical supplies wo For Annie London, a month in a Central American rainforest means handing out mosquito nets, giving medical aid, and teaching children about the birds and the bees. With any luck, it will also land her application in the “accepted” pile at a top tier medical school. But as soon as she steps off the plane, Annie realizes her bug spray, feeble Spanish, and medical supplies won’t help her deal with her new feelings for Felipe—her best friend's older brother, who's much hotter than she remembers, and who also happens to be the doctor in charge of the trip.Gawking “volun-tourists” may keep his family’s medical clinic afloat, but Dr. Felipe Gutierrez doesn’t have to like them. Or the way they make snap judgments about his practice and the people he cares for. But when his old crush, Annie, shows up to volunteer, her killer curves and kind smile fan the embers of a flame Felipe didn’t realize he’d been carrying. A flame that makes him question all his preconceived notions.As ideas and cultures clash, Annie and Felipe must decide how far outside their comfort zones they are willing to go—both for their work and for one another. ...more
",New Adult,Two,https://books.toscrape.com/media/cache/de/26/de269ee688d4dc51846567f3942600ce.jpg,Without_Borders_(Wanderlove_#1).jpg
https://books.toscrape.com/catalogue/the-mistake-off-campus-2_851/index.html,99ff4cc6491e8f5c,The Mistake (Off-Campus #2),£43.29,£43.29,In stock (15 available),"
    He’s a player in more ways than one…College junior John Logan can get any girl he wants. For this hockey star, life is a parade of parties and hook-ups, but behind his killer grins and easygoing charm, he hides growing despair about the dead-end road he’ll be forced to walk after graduation. A sexy encounter with freshman Grace Ivers is just the distraction he needs, but w He’s a player in more ways than one…College junior John Logan can get any girl he wants. For this hockey star, life is a parade of parties and hook-ups, but behind his killer grins and easygoing charm, he hides growing despair about the dead-end road he’ll be forced to walk after graduation. A sexy encounter with freshman Grace Ivers is just the distraction he needs, but when a thoughtless mistake pushes her away, Logan plans to spend his final year proving to her that he’s worth a second chance.Now he’s going to need to up his game…After a less than stellar freshman year, Grace is back at Briar University, older, wiser, and so over the arrogant hockey player she nearly handed her V-card to. She’s not a charity case, and she’s not the quiet butterfly she was when they first hooked up. If Logan expects her to roll over and beg like all his other puck bunnies, he can think again. He wants her back? He’ll have to work for it. This time around, she’ll be the one in the driver’s seat…and she plans on driving him wild. ...more
",New Adult,Three,https://books.toscrape.com/media/cache/95/49/9549db6862283a388659611bda63b97b.jpg,The_Mistake_(Off-Campus_#2).jpg
https://books.toscrape.com/catalogue/the-matchmakers-playbook-wingmen-inc-1_850/index.html,08db62f24627e71f,The Matchmaker's Playbook (Wingmen Inc. #1),£55.85,£55.85,In stock (15 available),"
    Wingman rule number one: don’t fall for a client.After a career-ending accident, former NFL recruit Ian Hunter is back on campus—and he’s ready to get his new game on. As one of the masterminds behind Wingmen, Inc., a successful and secretive word-of-mouth dating service, he’s putting his extensive skills with women to work for the lovelorn. But when Blake Olson requests t Wingman rule number one: don’t fall for a client.After a career-ending accident, former NFL recruit Ian Hunter is back on campus—and he’s ready to get his new game on. As one of the masterminds behind Wingmen, Inc., a successful and secretive word-of-mouth dating service, he’s putting his extensive skills with women to work for the lovelorn. But when Blake Olson requests the services of Wingmen, Inc., Ian may have landed his most hopeless client yet.From her frumpy athletic gear to her unfortunate choice of footwear, Blake is going to need a miracle if she wants to land her crush. At least with a professional matchmaker by her side she has a fighting chance. Ian knows that his advice and a makeover can turn Blake into another successful match. But as Blake begins the transformation from hot mess to smokin’ hot, Ian realizes he’s in danger of breaking his cardinal rule.… ...more
",New Adult,One,https://books.toscrape.com/media/cache/e9/e3/e9e3736effeb4982324dd0e4e64b2e81.jpg,The_Matchmaker's_Playbook_(Wingmen_Inc._#1).jpg
https://books.toscrape.com/catalogue/the-hook-up-game-on-1_68/index.html,6e473eff459e809f,The Hook Up (Game On #1),£36.29,£36.29,In stock (1 available),"
    The rules: no kissing on the mouth, no staying the night, no telling anyone, and above all… No falling in love.Anna Jones just wants to finish college and figure out her life. Falling for star quarterback Drew Baylor is certainly not on her to do list. Confident and charming, he lives in the limelight and is way too gorgeous for his own good. If only she could ignore his h The rules: no kissing on the mouth, no staying the night, no telling anyone, and above all… No falling in love.Anna Jones just wants to finish college and figure out her life. Falling for star quarterback Drew Baylor is certainly not on her to do list. Confident and charming, he lives in the limelight and is way too gorgeous for his own good. If only she could ignore his heated stares and stop thinking about doing hot and dirty things with him. Easy right?Too bad he’s committed to making her break every rule…Football has been good to Drew. It’s given him recognition, two National Championships, and the Heisman. But what he really craves is sexy yet prickly Anna Jones. Her cutting humor and blatant disregard for his fame turns him on like nothing else. But there’s one problem: she's shut him down. Completely.That is until a chance encounter leads to the hottest sex of their lives, along with the possibility of something great. Unfortunately, Anna wants it to remain a hook up. Now it’s up to Drew to tempt her with more: more sex, more satisfaction, more time with him. Until she’s truly hooked. It's a good thing Drew knows all about winning.All’s fair in love and football…Game on. New Adult/Contemporary Romance with a HEA - Recommended for readers 17 and older. ...more
",New Adult,Five,https://books.toscrape.com/media/cache/90/de/90de87ce300bcbbfcdb9ad77fc9a2e5f.jpg,The_Hook_Up_(Game_On_#1).jpg
https://books.toscrape.com/catalogue/shameless_52/index.html,c068c013d6921fea,Shameless,£58.35,£58.35,In stock (1 available),"
    ***USA TODAY BESTSELLER***Brady…What the hell do I know about raising a baby? Nothing. Not a goddamn thing. Yet here I am, the sole guardian of my niece. I’d be lost if it weren’t for Katherine, the beautiful girl who seems to have all the answers. Katherine, who’s slowly finding her way into my cynical heart. I keep reminding myself that I can’t fall for someone when we d ***USA TODAY BESTSELLER***Brady…What the hell do I know about raising a baby? Nothing. Not a goddamn thing. Yet here I am, the sole guardian of my niece. I’d be lost if it weren’t for Katherine, the beautiful girl who seems to have all the answers. Katherine, who’s slowly finding her way into my cynical heart. I keep reminding myself that I can’t fall for someone when we don’t have a future. But telling myself this lie and believing it are two different things. Katherine…When Brady shows up on a Harley, looking like an avenging angel—six feet, three inches of chiseled muscle, eyes the color of wild sage, and sun-kissed skin emblazoned with tattoos—I’m not sure if I should fall at his feet or run like hell. Because if I tell him what happened the night his family died, he might hate me. What I don’t count on are the nights we spend together trying to forget the heartache that brought us here. I promise him it won’t mean anything, that I won’t fall in love. I shouldn’t make promises I can’t keep.* Author's note: Due to mature situations and sexual content, Shameless is recommended for readers 18+. ...more
",New Adult,Three,https://books.toscrape.com/media/cache/e2/52/e252988534e955a047c562376b8b95c0.jpg,Shameless.jpg
https://books.toscrape.com/catalogue/off-sides-off-1_38/index.html,b6f1cfadc4dd79d4,Off Sides (Off #1),£39.45,£39.45,In stock (1 available),"
    “I'm not sure what possessed me to do it. Maybe it was the impossible expectations I faced, maybe it was my own self-loathing. But I just knew I needed something different to happen. I needed someone... something... to derail me from my current path. Otherwise, I would become lost... a hollowed out shell of a man. So I did it. I approached her, then I pursued her, then I m “I'm not sure what possessed me to do it. Maybe it was the impossible expectations I faced, maybe it was my own self-loathing. But I just knew I needed something different to happen. I needed someone... something... to derail me from my current path. Otherwise, I would become lost... a hollowed out shell of a man. So I did it. I approached her, then I pursued her, then I made her mine. And my life was saved...”Ryan Burnham is the privileged son of a U.S. Congressman and captain of his university’s hockey team. While he is on the verge of fulfilling his dreams to play in the NHL, his parents want him on a different course. One he is expected to accept for the sake of his family’s public image.Forced her to abandon her music career after the heart breaking death of her parents, Danny Cross exists on the opposite side of the tracks from Ryan. She is struggling to make her own way, working two jobs, attending college part time and volunteering in a homeless shelter. She is on a mission to build her own success.With a chance meeting, their vastly different worlds collide, causing each to evaluate whether they are truly on the correct path to self-fulfillment and happiness. Can their relationship survive? Particularly when others are against them every step of the way. A lot can happen in just ten short days... ...more
",New Adult,Five,https://books.toscrape.com/media/cache/4a/58/4a58f6feb21b7194911eddb020766583.jpg,Off_Sides_(Off_#1).jpg
