product_page_url,universal_product_code,book_title,price_including_tax,price_excluding_tax,quantity_available,product_description,category,review_rating,image_url,image_filename
https://books.toscrape.com/catalogue/a-light-in-the-attic_1000/index.html,a897fe39b1053632,A Light in the Attic,£51.77,£51.77,In stock (22 available),"
    It's hard to imagine a world without A Light in the Attic. This now-classic collection of poetry and drawings from Shel Silverstein celebrates its 20th anniversary with this special edition. Silverstein's humorous and creative verse can amuse the dowdiest of readers. Lemon-faced adults and fidgety kids sit still and read these rhythmic words and laugh and smile and love th It's hard to imagine a world without A Light in the Attic. This now-classic collection of poetry and drawings from Shel Silverstein celebrates its 20th anniversary with this special edition. Silverstein's humorous and creative verse can amuse the dowdiest of readers. Lemon-faced adults and fidgety kids sit still and read these rhythmic words and laugh and smile and love that Silverstein. Need proof of his genius? RockabyeRockabye baby, in the treetopDon't you know a treetopIs no safe place to rock?And who put you up there,And your cradle, too?Baby, I think someone down here'sGot it in for you. Shel, you never sounded so good. ...more
",Poetry,Three,https://books.toscrape.com/media/cache/fe/72/fe72f0532301ec28892ae79a629a293c.jpg,A_Light_in_the_Attic.jpg
https://books.toscrape.com/catalogue/the-black-maria_991/index.html,1dfe412b8ac00530,The Black Maria,£52.15,£52.15,In stock (19 available),"
    Praise for Aracelis Girmay:""[Girmay's] every loss—she calls them estrangements—is a yearning for connection across time and place; her every fragment is a bulwark against ruin."" — O, The Oprah Magazine ""In Aracelis Girmay we have a poet who collects, polishes, and shares stories with such brilliant invention, tenderness, and intellectual liveliness that it is understandabl Praise for Aracelis Girmay:""[Girmay's] every loss—she calls them estrangements—is a yearning for connection across time and place; her every fragment is a bulwark against ruin."" — O, The Oprah Magazine ""In Aracelis Girmay we have a poet who collects, polishes, and shares stories with such brilliant invention, tenderness, and intellectual liveliness that it is understandable that we think of her as the blessed curator of our collective histories. There is in her art the vulnerability of one who lives inside of the stories that she gathers in this remarkable collection. Her poems set off alarms even as they transform the world she inhabits, showing us, in the process, exactly what she asks of Romare Bearden’s art: ‘…how not to // assign all blackness near the sea / a captivity.’ This is one of the many sweet contradictions in the black maria, which ‘is a black flag / wounding the pastoral.’ I am deeply thankful that we have a poet of her unique and singular talent writing today."" —Kwame DawesTaking its name from the moon's dark plains, misidentified as seas by early astronomers, the black maria investigates African diasporic histories, the consequences of racism within American culture, and the question of human identity. Central to this project is a desire to recognize the lives of Eritrean refugees who have been made invisible by years of immigration crisis, refugee status, exile, and resulting statelessness. The recipient of a 2015 Whiting Award for Poetry, Girmay's newest collection elegizes and celebrates life, while wrestling with the humanistic notion of seeing beyond: seeing violence, seeing grace, and seeing each other better.""to the sea""great storage house, historyon which we rode, we touchedthe brief pulse of your flutteringpages, spelled with salt & life,your rage, your indifferenceyour gentleness washing our feet,all of you going onwhether or not we live,to you we bring our carnationsyellow & pink, how they floatlike bright sentences atopyour memory's dark hairAracelis Girmay is the author of three poetry collections, the black maria; Kingdom Animalia, which won the Isabella Gardner Award and was a finalist for the NBCC Award; and Teeth. The recipient of a 2015 Whiting Award, she has received grants and fellowships from the Jerome, Cave Canem, and Watson foundations, as well as Civitella Ranieri and the NEA. She currently teaches at Hampshire College's School for Interdisciplinary Arts and in Drew University's low residency MFA program. Originally from Santa Ana, California, she splits her time between New York and Amherst, Massachusetts. ...more
",Poetry,One,https://books.toscrape.com/media/cache/d1/7a/d17a3e313e52e1be5651719e4fba1d16.jpg,The_Black_Maria.jpg
https://books.toscrape.com/catalogue/shakespeares-sonnets_989/index.html,30a7f60cd76ca58c,Shakespeare's Sonnets,£20.66,£20.66,In stock (19 available),"
    This book is an important and complete collection of the Sonnets of William Shakespeare. Most readers are aware of the great plays and manuscripts written for the stage, but are unaware of the magnificent Sonnets which were written around the same period. This is an excellent, complete collection of the Sonnets and poetry of William Shakespeare and should not be missed by This book is an important and complete collection of the Sonnets of William Shakespeare. Most readers are aware of the great plays and manuscripts written for the stage, but are unaware of the magnificent Sonnets which were written around the same period. This is an excellent, complete collection of the Sonnets and poetry of William Shakespeare and should not be missed by those interested in the completion of a collection of his writings and those interested in early poetic works. ...more
",Poetry,Four,https://books.toscrape.com/media/cache/4d/7a/4d7a79a8be80a529b277ed5c4d8ba482.jpg,Shakespeare's_Sonnets.jpg
https://books.toscrape.com/catalogue/olio_984/index.html,feb7cc7701ecf901,Olio,£23.88,£23.88,In stock (19 available),"
    Part fact, part fiction, Tyehimba Jess's much anticipated second book weaves sonnet, song, and narrative to examine the lives of mostly unrecorded African American performers directly before and after the Civil War up to World War I. Olio is an effort to understand how they met, resisted, complicated, co-opted, and sometimes defeated attempts to minstrelize them.So, while Part fact, part fiction, Tyehimba Jess's much anticipated second book weaves sonnet, song, and narrative to examine the lives of mostly unrecorded African American performers directly before and after the Civil War up to World War I. Olio is an effort to understand how they met, resisted, complicated, co-opted, and sometimes defeated attempts to minstrelize them.So, while I lead this choir, I still find thatI'm being led…I'm a missionarymending my faith in the midst of this flock…I toil in their fields of praise. When folks seethese freedmen stand and sing, they hear their Godspeak in tongues. These nine dark mouths sing shelter;they echo a hymn's haven from slavery's weather.Detroit native Tyehimba Jess' first book of poetry, leadbelly, was a winner of the 2004 National Poetry Series. Jess, a Cave Canem and NYU Alumni, has received fellowships from the Whiting Foundation, National Endowment for the Arts, Illinois Arts Council, and the Provincetown Fine Arts Work Center. Jess is also a veteran of the 2000 and 2001 Green Mill Poetry Slam Team. He exhibited his poetry at the 2011 TEDxNashville Conference. Jess is an Associate Professor of English at College of Staten Island. ...more
",Poetry,One,https://books.toscrape.com/media/cache/b1/0e/b10eabab1e1c811a6d47969904fd5755.jpg,Olio.jpg
https://books.toscrape.com/catalogue/you-cant-bury-them-all-poems_961/index.html,55f9da0c5eea2e10,You can't bury them all: Poems,£33.63,£33.63,In stock (17 available),"
    A poetry that is at once harrowing, angry, and achingly beautiful Patrick Woodcock has spent the past seven years engaging with and being shaped by the people, politics, and landscapes of the Kurdish north of Iraq, Fort Good Hope in the Northwest Territories, and Azerbaijan. His powerful new collection offers a poetry that simultaneously explores hope and horror while doc A poetry that is at once harrowing, angry, and achingly beautiful Patrick Woodcock has spent the past seven years engaging with and being shaped by the people, politics, and landscapes of the Kurdish north of Iraq, Fort Good Hope in the Northwest Territories, and Azerbaijan. His powerful new collection offers a poetry that simultaneously explores hope and horror while documenting the transformative processes of coping. You can’t bury them all follows the narratives we construct to survive the tragic failures of our humanity to their very end: everything that’s buried by snow, dirt, and ash, just like everything that’s buried by politics, homophobia, sexism, racism, religion; and history is resurrected, demanding to be heard and addressed.In Woodcock’s poetry, how we deal with what resurfaces is the key. What do those who suffer really mean to those who have abandoned them to small, conscience-soothing charitable donations or the occasional tweet? How can the poet, or anyone else, sleep at night knowing homosexuals are being thrown off building tops, after one steps into a hole and finds an abandoned corpse in an Azeri cemetery, or after the elders of an Aboriginal community are left helpless against those who only want to exploit them? Still, You can’t bury them all demonstrates that the world is not just the horrific place the media often portrays. In each of the worlds he touches, Woodcock discovers a spirit and strength to celebrate. ...more
",Poetry,Two,https://books.toscrape.com/media/cache/b7/44/b7440aa88046b0bf8cba50d59295518e.jpg,You_can't_bury_them_all:_Poems.jpg
https://books.toscrape.com/catalogue/slow-states-of-collapse-poems_960/index.html,b4fd5943413e089a,Slow States of Collapse: Poems,£57.31,£57.31,In stock (17 available),"
    The eagerly anticipated debut from one of Canada’s most exciting new poets In her debut collection, Ashley-Elizabeth Best explores the cultivation of resilience during uncertain and often trying times. It’s a book built around day-to-day conflicts — poems about love, family, grief, power, and longing. Navigating the fault lines of popular culture and traditional poetry to The eagerly anticipated debut from one of Canada’s most exciting new poets In her debut collection, Ashley-Elizabeth Best explores the cultivation of resilience during uncertain and often trying times. It’s a book built around day-to-day conflicts — poems about love, family, grief, power, and longing. Navigating the fault lines of popular culture and traditional poetry to assert that we are all history makers, Slow States of Collapse enters the landscape of personal narrative in an attempt to reconcile life’s little universal griefs.Slow States of Collapse presents a world that is at once menacing and full of wonder and grace. It’s a poetry of “casual cruelty” and “kisses like / puncture wounds,” of “something too tender to touch” and “the threat of an intense beauty.” In this collection, illness confronts bedside manners while a migrant restlessness also paints remarkable portraits of shifting self-image, and in the process the nature of personal and political power is reimagined. ...more
",Poetry,Three,https://books.toscrape.com/media/cache/db/ac/dbac3faca8a799824f5725d66c0fcce3.jpg,Slow_States_of_Collapse:_Poems.jpg
https://books.toscrape.com/catalogue/untitled-collection-sabbath-poems-2014_953/index.html,657fe5ead67a7767,Untitled Collection: Sabbath Poems 2014,£14.27,£14.27,In stock (16 available),"
    More than thirty-five years ago, when the weather allowed, Wendell Berry began spending his sabbaths outdoors, walking and wandering around familiar territory, seeking a deep intimacy only time could provide. These walks arranged themselves into poems and each year since he has completed a sequence dated by the year of its composition. Last year we collected the lot into a More than thirty-five years ago, when the weather allowed, Wendell Berry began spending his sabbaths outdoors, walking and wandering around familiar territory, seeking a deep intimacy only time could provide. These walks arranged themselves into poems and each year since he has completed a sequence dated by the year of its composition. Last year we collected the lot into a collection, This Day, the Sabbath Poems 1979-2013. This new sequence for the following year is one of the richest yet. This group provides a virtual syllabus for all of Mr. Berry’s cultural and agricultural work in concentrated form. Many of these poems are drawn from the view from a small porch in the woods, a place of stillness and reflection, a vantage point “of the one/life of the forest composed/of uncountable lives in countless/years each life coherent itself within/ the coherence, the great composure,/of all.” A new collection of Wendell Berry poems is always an occasion of joyful celebration and this one is especially so. ...more
",Poetry,Four,https://books.toscrape.com/media/cache/65/6e/656e79dfd4f8b6bf19ffde2c75ceda81.jpg,Untitled_Collection:_Sabbath_Poems_2014.jpg
https://books.toscrape.com/catalogue/poems-that-make-grown-women-cry_824/index.html,31001a1210623bd4,Poems That Make Grown Women Cry,£14.19,£14.19,In stock (15 available),"
    Following the success of their anthology Poems That Make Grown Men Cry, father-and-son team Anthony and Ben Holden, working with Amnesty International, have asked the same revealing question of 100 remarkable women. What poem has moved you to tears?The poems chosen range from the eighth century to today, from Rumi and Shakespeare to Sylvia Plath, W.H. Auden to Carol Ann Du Following the success of their anthology Poems That Make Grown Men Cry, father-and-son team Anthony and Ben Holden, working with Amnesty International, have asked the same revealing question of 100 remarkable women. What poem has moved you to tears?The poems chosen range from the eighth century to today, from Rumi and Shakespeare to Sylvia Plath, W.H. Auden to Carol Ann Duffy, Pablo Neruda and Derek Walcott to Imtiaz Dharker and Warsan Shire. Their themes range from love and loss, through mortality and mystery, war and peace, to the beauty and variety of nature. From Yoko Ono to Judi Dench, Chimamanda Ngozi Adichie to Elena Ferrante, Carol Ann Duffy to Kaui Hart Hemmings, and Joan Baez to Nikki Giovanni, this unique collection delivers private insights into the minds of women whose writing, acting, and thinking are admired around the world. ...more
",Poetry,Four,https://books.toscrape.com/media/cache/18/ac/18ac3f16b10a5fc47e603d93335e3f24.jpg,Poems_That_Make_Grown_Women_Cry.jpg
https://books.toscrape.com/catalogue/night-sky-with-exit-wounds_822/index.html,cfeb1e1e0e695b58,Night Sky with Exit Wounds,£41.05,£41.05,In stock (15 available),"
    “Reading Vuong is like watching a fish move: he manages the varied currents of English with muscled intuition. His poems are by turns graceful and wonderstruck. His lines are both long and short, his pose narrative and lyric, his diction formal and insouciant. From the outside, Vuong has fashioned a poetry of inclusion.”—The New YorkerOcean Vuong's first full-length collec “Reading Vuong is like watching a fish move: he manages the varied currents of English with muscled intuition. His poems are by turns graceful and wonderstruck. His lines are both long and short, his pose narrative and lyric, his diction formal and insouciant. From the outside, Vuong has fashioned a poetry of inclusion.”—The New YorkerOcean Vuong's first full-length collection aims straight for the perennial ""big""—and very human—subjects of romance, family, memory, grief, war, and melancholia. None of these he allows to overwhelm his spirit or his poems, which demonstrate, through breath and cadence and unrepentant enthrallment, that a gentle palm on a chest can calm the fiercest hungers. ...more
",Poetry,One,https://books.toscrape.com/media/cache/ff/48/ff48b0696fb97b7f7b5c6d15e372cb70.jpg,Night_Sky_with_Exit_Wounds.jpg
https://books.toscrape.com/catalogue/salt_731/index.html,86cbddb61ea78bb7,salt.,£46.78,£46.78,In stock (14 available),"
    Salt is a journey through warmth and sharpness. This collection of poetry explores the realities of multiple identities, language, diasporic life & pain, the self, community, healing, celebration, and love.
",Poetry,Four,https://books.toscrape.com/media/cache/c9/92/c9924f9637aef6d9fc8e165be62f69ee.jpg,salt..jpg
https://books.toscrape.com/catalogue/a-light-in-the-attic_1000/index.html,a897fe39b1053632,A Light in the Attic,£51.77,£51.77,In stock (22 available),"
    It's hard to imagine a world without A Light in the Attic. This now-classic collection of poetry and drawings from Shel Silverstein celebrates its 20th anniversary with this special edition. Silverstein's humorous and creative verse can amuse the dowdiest of readers. Lemon-faced adults and fidgety kids sit still and read these rhythmic words and laugh and smile and love th It's hard to imagine a world without A Light in the Attic. This now-classic collection of poetry and drawings from Shel Silverstein celebrates its 20th anniversary with this special edition. Silverstein's humorous and creative verse can amuse the dowdiest of readers. Lemon-faced adults and fidgety kids sit still and read these rhythmic words and laugh and smile and love that Silverstein. Need proof of his genius? RockabyeRockabye baby, in the treetopDon't you know a treetopIs no safe place to rock?And who put you up there,And your cradle, too?Baby, I think someone down here'sGot it in for you. Shel, you never sounded so good. ...more
",Poetry,Three,https://books.toscrape.com/media/cache/fe/72/fe72f0532301ec28892ae79a629a293c.jpg,A_Light_in_the_Attic.jpg
https://books.toscrape.com/catalogue/the-black-maria_991/index.html,1dfe412b8ac00530,The Black Maria,£52.15,£52.15,In stock (19 available),"
    Praise for Aracelis Girmay:""[Girmay's] every loss—she calls them estrangements—is a yearning for connection across time and place; her every fragment is a bulwark against ruin."" — O, The Oprah Magazine ""In Aracelis Girmay we have a poet who collects, polishes, and shares stories with such brilliant invention, tenderness, and intellectual liveliness that it is understandabl Praise for Aracelis Girmay:""[Girmay's] every loss—she calls them estrangements—is a yearning for connection across time and place; her every fragment is a bulwark against ruin."" — O, The Oprah Magazine ""In Aracelis Girmay we have a poet who collects, polishes, and shares stories with such brilliant invention, tenderness, and intellectual liveliness that it is understandable that we think of her as the blessed curator of our collective histories. There is in her art the vulnerability of one who lives inside of the stories that she gathers in this remarkable collection. Her poems set off alarms even as they transform the world she inhabits, showing us, in the process, exactly what she asks of Romare Bearden’s art: ‘…how not to // assign all blackness near the sea / a captivity.’ This is one of the many sweet contradictions in the black maria, which ‘is a black flag / wounding the pastoral.’ I am deeply thankful that we have a poet of her unique and singular talent writing today."" —Kwame DawesTaking its name from the moon's dark plains, misidentified as seas by early astronomers, the black maria investigates African diasporic histories, the consequences of racism within American culture, and the question of human identity. Central to this project is a desire to recognize the lives of Eritrean refugees who have been made invisible by years of immigration crisis, refugee status, exile, and resulting statelessness. The recipient of a 2015 Whiting Award for Poetry, Girmay's newest collection elegizes and celebrates life, while wrestling with the humanistic notion of seeing beyond: seeing violence, seeing grace, and seeing each other better.""to the sea""great storage house, historyon which we rode, we touchedthe brief pulse of your flutteringpages, spelled with salt & life,your rage, your indifferenceyour gentleness washing our feet,all of you going onwhether or not we live,to you we bring our carnationsyellow & pink, how they floatlike bright sentences atopyour memory's dark hairAracelis Girmay is the author of three poetry collections, the black maria; Kingdom Animalia, which won the Isabella Gardner Award and was a finalist for the NBCC Award; and Teeth. The recipient of a 2015 Whiting Award, she has received grants and fellowships from the Jerome, Cave Canem, and Watson foundations, as well as Civitella Ranieri and the NEA. She currently teaches at Hampshire College's School for Interdisciplinary Arts and in Drew University's low residency MFA program. Originally from Santa Ana, California, she splits her time between New York and Amherst, Massachusetts. ...more
",Poetry,One,https://books.toscrape.com/media/cache/d1/7a/d17a3e313e52e1be5651719e4fba1d16.jpg,The_Black_Maria.jpg
https://books.toscrape.com/catalogue/shakespeares-sonnets_989/index.html,30a7f60cd76ca58c,Shakespeare's Sonnets,£20.66,£20.66,In stock (19 available),"
    This book is an important and complete collection of the Sonnets of William Shakespeare. Most readers are aware of the great plays and manuscripts written for the stage, but are unaware of the magnificent Sonnets which were written around the same period. This is an excellent, complete collection of the Sonnets and poetry of William Shakespeare and should not be missed by This book is an important and complete collection of the Sonnets of William Shakespeare. Most readers are aware of the great plays and manuscripts written for the stage, but are unaware of the magnificent Sonnets which were written around the same period. This is an excellent, complete collection of the Sonnets and poetry of William Shakespeare and should not be missed by those interested in the completion of a collection of his writings and those interested in early poetic works. ...more
",Poetry,Four,https://books.toscrape.com/media/cache/4d/7a/4d7a79a8be80a529b277ed5c4d8ba482.jpg,Shakespeare's_Sonnets.jpg
https://books.toscrape.com/catalogue/olio_984/index.html,feb7cc7701ecf901,Olio,£23.88,£23.88,In stock (19 available),"
    Part fact, part fiction, Tyehimba Jess's much anticipated second book weaves sonnet, song, and narrative to examine the lives of mostly unrecorded African American performers directly before and after the Civil War up to World War I. Olio is an effort to understand how they met, resisted, complicated, co-opted, and sometimes defeated attempts to minstrelize them.So, while Part fact, part fiction, Tyehimba Jess's much anticipated second book weaves sonnet, song, and narrative to examine the lives of mostly unrecorded African American performers directly before and after the Civil War up to World War I. Olio is an effort to understand how they met, resisted, complicated, co-opted, and sometimes defeated attempts to minstrelize them.So, while I lead this choir, I still find thatI'm being led…I'm a missionarymending my faith in the midst of this flock…I toil in their fields of praise. When folks seethese freedmen stand and sing, they hear their Godspeak in tongues. These nine dark mouths sing shelter;they echo a hymn's haven from slavery's weather.Detroit native Tyehimba Jess' first book of poetry, leadbelly, was a winner of the 2004 National Poetry Series. Jess, a Cave Canem and NYU Alumni, has received fellowships from the Whiting Foundation, National Endowment for the Arts, Illinois Arts Council, and the Provincetown Fine Arts Work Center. Jess is also a veteran of the 2000 and 2001 Green Mill Poetry Slam Team. He exhibited his poetry at the 2011 TEDxNashville Conference. Jess is an Associate Professor of English at College of Staten Island. ...more
",Poetry,One,https://books.toscrape.com/media/cache/b1/0e/b10eabab1e1c811a6d47969904fd5755.jpg,Olio.jpg
https://books.toscrape.com/catalogue/you-cant-bury-them-all-poems_961/index.html,55f9da0c5eea2e10,You can't bury them all: Poems,£33.63,£33.63,In stock (17 available),"
    A poetry that is at once harrowing, angry, and achingly beautiful Patrick Woodcock has spent the past seven years engaging with and being shaped by the people, politics, and landscapes of the Kurdish north of Iraq, Fort Good Hope in the Northwest Territories, and Azerbaijan. His powerful new collection offers a poetry that simultaneously explores hope and horror while doc A poetry that is at once harrowing, angry, and achingly beautiful Patrick Woodcock has spent the past seven years engaging with and being shaped by the people, politics, and landscapes of the Kurdish north of Iraq, Fort Good Hope in the Northwest Territories, and Azerbaijan. His powerful new collection offers a poetry that simultaneously explores hope and horror while documenting the transformative processes of coping. You can’t bury them all follows the narratives we construct to survive the tragic failures of our humanity to their very end: everything that’s buried by snow, dirt, and ash, just like everything that’s buried by politics, homophobia, sexism, racism, religion; and history is resurrected, demanding to be heard and addressed.In Woodcock’s poetry, how we deal with what resurfaces is the key. What do those who suffer really mean to those who have abandoned them to small, conscience-soothing charitable donations or the occasional tweet? How can the poet, or anyone else, sleep at night knowing homosexuals are being thrown off building tops, after one steps into a hole and finds an abandoned corpse in an Azeri cemetery, or after the elders of an Aboriginal community are left helpless against those who only want to exploit them? Still, You can’t bury them all demonstrates that the world is not just the horrific place the media often portrays. In each of the worlds he touches, Woodcock discovers a spirit and strength to celebrate. ...more
",Poetry,Two,https://books.toscrape.com/media/cache/b7/44/b7440aa88046b0bf8cba50d59295518e.jpg,You_can't_bury_them_all:_Poems.jpg
https://books.toscrape.com/catalogue/slow-states-of-collapse-poems_960/index.html,b4fd5943413e089a,Slow States of Collapse: Poems,£57.31,£57.31,In stock (17 available),"
    The eagerly anticipated debut from one of Canada’s most exciting new poets In her debut collection, Ashley-Elizabeth Best explores the cultivation of resilience during uncertain and often trying times. It’s a book built around day-to-day conflicts — poems about love, family, grief, power, and longing. Navigating the fault lines of popular culture and traditional poetry to The eagerly anticipated debut from one of Canada’s most exciting new poets In her debut collection, Ashley-Elizabeth Best explores the cultivation of resilience during uncertain and often trying times. It’s a book built around day-to-day conflicts — poems about love, family, grief, power, and longing. Navigating the fault lines of popular culture and traditional poetry to assert that we are all history makers, Slow States of Collapse enters the landscape of personal narrative in an attempt to reconcile life’s little universal griefs.Slow States of Collapse presents a world that is at once menacing and full of wonder and grace. It’s a poetry of “casual cruelty” and “kisses like / puncture wounds,” of “something too tender to touch” and “the threat of an intense beauty.” In this collection, illness confronts bedside manners while a migrant restlessness also paints remarkable portraits of shifting self-image, and in the process the nature of personal and political power is reimagined. ...more
",Poetry,Three,https://books.toscrape.com/media/cache/db/ac/dbac3faca8a799824f5725d66c0fcce3.jpg,Slow_States_of_Collapse:_Poems.jpg
https://books.toscrape.com/catalogue/untitled-collection-sabbath-poems-2014_953/index.html,657fe5ead67a7767,Untitled Collection: Sabbath Poems 2014,£14.27,£14.27,In stock (16 available),"
    More than thirty-five years ago, when the weather allowed, Wendell Berry began spending his sabbaths outdoors, walking and wandering around familiar territory, seeking a deep intimacy only time could provide. These walks arranged themselves into poems and each year since he has completed a sequence dated by the year of its composition. Last year we collected the lot into a More than thirty-five years ago, when the weather allowed, Wendell Berry began spending his sabbaths outdoors, walking and wandering around familiar territory, seeking a deep intimacy only time could provide. These walks arranged themselves into poems and each year since he has completed a sequence dated by the year of its composition. Last year we collected the lot into a collection, This Day, the Sabbath Poems 1979-2013. This new sequence for the following year is one of the richest yet. This group provides a virtual syllabus for all of Mr. Berry’s cultural and agricultural work in concentrated form. Many of these poems are drawn from the view from a small porch in the woods, a place of stillness and reflection, a vantage point “of the one/life of the forest composed/of uncountable lives in countless/years each life coherent itself within/ the coherence, the great composure,/of all.” A new collection of Wendell Berry poems is always an occasion of joyful celebration and this one is especially so. ...more
",Poetry,Four,https://books.toscrape.com/media/cache/65/6e/656e79dfd4f8b6bf19ffde2c75ceda81.jpg,Untitled_Collection:_Sabbath_Poems_2014.jpg
https://books.toscrape.com/catalogue/poems-that-make-grown-women-cry_824/index.html,31001a1210623bd4,Poems That Make Grown Women Cry,£14.19,£14.19,In stock (15 available),"
    Following the success of their anthology Poems That Make Grown Men Cry, father-and-son team Anthony and Ben Holden, working with Amnesty International, have asked the same revealing question of 100 remarkable women. What poem has moved you to tears?The poems chosen range from the eighth century to today, from Rumi and Shakespeare to Sylvia Plath, W.H. Auden to Carol Ann Du Following the success of their anthology Poems That Make Grown Men Cry, father-and-son team Anthony and Ben Holden, working with Amnesty International, have asked the same revealing question of 100 remarkable women. What poem has moved you to tears?The poems chosen range from the eighth century to today, from Rumi and Shakespeare to Sylvia Plath, W.H. Auden to Carol Ann Duffy, Pablo Neruda and Derek Walcott to Imtiaz Dharker and Warsan Shire. Their themes range from love and loss, through mortality and mystery, war and peace, to the beauty and variety of nature. From Yoko Ono to Judi Dench, Chimamanda Ngozi Adichie to Elena Ferrante, Carol Ann Duffy to Kaui Hart Hemmings, and Joan Baez to Nikki Giovanni, this unique collection delivers private insights into the minds of women whose writing, acting, and thinking are admired around the world. ...more
",Poetry,Four,https://books.toscrape.com/media/cache/18/ac/18ac3f16b10a5fc47e603d93335e3f24.jpg,Poems_That_Make_Grown_Women_Cry.jpg
https://books.toscrape.com/catalogue/night-sky-with-exit-wounds_822/index.html,cfeb1e1e0e695b58,Night Sky with Exit Wounds,£41.05,£41.05,In stock (15 available),"
    “Reading Vuong is like watching a fish move: he manages the varied currents of English with muscled intuition. His poems are by turns graceful and wonderstruck. His lines are both long and short, his pose narrative and lyric, his diction formal and insouciant. From the outside, Vuong has fashioned a poetry of inclusion.”—The New YorkerOcean Vuong's first full-length collec “Reading Vuong is like watching a fish move: he manages the varied currents of English with muscled intuition. His poems are by turns graceful and wonderstruck. His lines are both long and short, his pose narrative and lyric, his diction formal and insouciant. From the outside, Vuong has fashioned a poetry of inclusion.”—The New YorkerOcean Vuong's first full-length collection aims straight for the perennial ""big""—and very human—subjects of romance, family, memory, grief, war, and melancholia. None of these he allows to overwhelm his spirit or his poems, which demonstrate, through breath and cadence and unrepentant enthrallment, that a gentle palm on a chest can calm the fiercest hungers. ...more
",Poetry,One,https://books.toscrape.com/media/cache/ff/48/ff48b0696fb97b7f7b5c6d15e372cb70.jpg,Night_Sky_with_Exit_Wounds.jpg
https://books.toscrape.com/catalogue/salt_731/index.html,86cbddb61ea78bb7,salt.,£46.78,£46.78,In stock (14 available),"
    Salt is a journey through warmth and sharpness. This collection of poetry explores the realities of multiple identities, language, diasporic life & pain, the self, community, healing, celebration, and love.
",Poetry,Four,https://books.toscrape.com/media/cache/c9/92/c9924f9637aef6d9fc8e165be62f69ee.jpg,salt..jpg
https://books.toscrape.com/catalogue/quarter-life-poetry-poems-for-the-young-broke-and-hangry_727/index.html,aa35446aab16017f,"Quarter Life Poetry: Poems for the Young, Broke and Hangry",£50.89,£50.89,In stock (14 available),"
    The creator of the popular Tumblr and Instagram ""Quarter Life Poetry"" tackles the real-life truths of work, money, sex, and many other challenges 20-somethings face in a laugh-out-loud collection of poetry.Samantha Jayne knows that life post-college isn't as glamorous as all undergrads think it's going to be... because she's currently living it. A graphic artist, Sam start The creator of the popular Tumblr and Instagram ""Quarter Life Poetry"" tackles the real-life truths of work, money, sex, and many other challenges 20-somethings face in a laugh-out-loud collection of poetry.Samantha Jayne knows that life post-college isn't as glamorous as all undergrads think it's going to be... because she's currently living it. A graphic artist, Sam started creating doodles and funny poems about her life as a 25-year-old. And when she decided to put them on Instagram, the captions were full of other people tagging friends and saying, ""This is literally us."" At a time where it seems like everyone around you is getting married, making more money than you do, and paying off their student loans, Sam's poetry captures the voice of millennials everywhere who know that being in your 20s can sometimes be the exact opposite of ""the best years of your life."" ...more
",Poetry,Five,https://books.toscrape.com/media/cache/68/92/68922093080c377fa521ba64d8d372e1.jpg,"Quarter_Life_Poetry:_Poems_for_the_Young,_Broke_and_Hangry.jpg"
https://books.toscrape.com/catalogue/out-of-print-city-lights-spotlight-no-14_536/index.html,c0fc0cd215ee1724,Out of Print: City Lights Spotlight No. 14,£53.64,£53.64,In stock (8 available),"
    The third full-length collectionby Julien Poirier, Out of Print is a truly bicoastal volume, reflecting the poet's years in New York as well as his return to his Bay Area roots. Consider it a meetinghouse between late New York School and contemporary California surrealism, a series of quips intercepted from America's underground poetry telegraph, or an absurdist mirror hel The third full-length collection by Julien Poirier, Out of Print is a truly bicoastal volume, reflecting the poet's years in New York as well as his return to his Bay Area roots. Consider it a meetinghouse between late New York School and contemporary California surrealism, a series of quips intercepted from America's underground poetry telegraph, or an absurdist mirror held up to consumerist culture.""Welcome Julien Poirier! What a distinct inspired voice. His work is abundant in surprise. His musical,often bonkers play of language is, for me, a source of delight & revelation.""—David Meltzer""Julien Poirier’s poems calibrate the vernacular in a sublime mathematics of commonalities. The effect is that of feelings on the run, enunciated clearly. In a sudden down-draught—'You’re wind, you melt on my tongue'—he’ll take the contemporary love poem into new stretches of believability while knowingly calling to account the failings that, whether perennial or merely topical, hem round ourselves to disastrous effect. For, no mistake, Out of Print means business: a forceful wake-up call, allowing as how for this old world the time for meaningful action may well have run out and we’ve joined the fabled damned, lost but for such eloquence, affection, and mad, mad laughter in Hell’s despite.""—Bill Berkson""Out of Print’s unexpectedly a love poem, its humor sharpening into dissonant pleasure. And what a pleasure! Julien Poirier’s weirdly direct and directly weird poems notice what an event is, whether it’s four square monks in a Coupe de Ville or becoming the Invisible Hand, and render that event into a sensual and searching landscape. You are really there, no where, but there, in poetry as a means to think differently, and maybe, absurdly, hope.""—Karen WeiserJulien Poirier is the co-founder of Ugly Duckling Presse. He has taught poetry in New York City and San Francisco public schools and at San Quentin State Prison. Previous books include Way Too West (2015) and El Golpe Chileño (2010). ...more
",Poetry,Five,https://books.toscrape.com/media/cache/4c/5a/4c5a559bc2edb79e5d48af4dbc813eb2.jpg,Out_of_Print:_City_Lights_Spotlight_No._14.jpg
https://books.toscrape.com/catalogue/les-fleurs-du-mal_530/index.html,c44c5e1425475206,Les Fleurs du Mal,£29.04,£29.04,In stock (8 available),"
    Presents the first American translation of the complete text of Baudelaire's 1857 masterwork and includes the complete original French texts for easy comparison.
",Poetry,Five,https://books.toscrape.com/media/cache/3d/32/3d324c0b55c221e9b701d4e772b42ad6.jpg,Les_Fleurs_du_Mal.jpg
https://books.toscrape.com/catalogue/howl-and-other-poems_522/index.html,b7870fa6dc088fbb,Howl and Other Poems,£40.45,£40.45,In stock (8 available),"
    The prophetic poem that launched a generation when it was first published in 1965 is here presented in a commemorative fortieth Anniversary Edition.When the book arrived from its British printers, it was seized almost immediately by U.S. Customs, and shortly thereafter the San Francisco police arrested its publisher and editor, Lawrence Ferlinghetti, together with City Lig The prophetic poem that launched a generation when it was first published in 1965 is here presented in a commemorative fortieth Anniversary Edition.When the book arrived from its British printers, it was seized almost immediately by U.S. Customs, and shortly thereafter the San Francisco police arrested its publisher and editor, Lawrence Ferlinghetti, together with City Lights Bookstore manager Shigeyoshi Murao. The two of them were charged with disseminating obscene literature, and the case went to trial in the municipal court of Judge Clayton Horn. A parade of distinguished literary and academic witnesses persuaded the judge that the title poem was indeed not obscene and that it had “redeeming social significance.”Thus was Howl & Other Poems freed to become the single most influential poetic work of the post-World War II era, with over 900,000 copies now in print."" ...more
",Poetry,Two,https://books.toscrape.com/media/cache/09/8e/098e81fcea9f6b4c15f6d207301c0085.jpg,Howl_and_Other_Poems.jpg
https://books.toscrape.com/catalogue/leave-this-song-behind-teen-poetry-at-its-best_474/index.html,b74ee891e2a6dd69,Leave This Song Behind: Teen Poetry at Its Best,£51.17,£51.17,In stock (7 available),"
    It's been 10 years since the last book in the ""Teen Ink"" series"" Written in the Dirt ""was published. Now, a whole new batch of teen writers has emerged with their own unique voices. ""Leave This Song Behind"" features the best poetry submitted by those writers to ""Teen Ink"" over the last five years. The pieces in this book were chosen because they were so powerful that they It's been 10 years since the last book in the ""Teen Ink"" series"" Written in the Dirt ""was published. Now, a whole new batch of teen writers has emerged with their own unique voices. ""Leave This Song Behind"" features the best poetry submitted by those writers to ""Teen Ink"" over the last five years. The pieces in this book were chosen because they were so powerful that they stood out from the rest. ""Teen Ink"" editors took a deep look into each poem's strengths then divided ""Leave This Song Behind"" into seven sections based on the poetic techniques or qualities that moved them most. Vivid sensory details made some poems shine; others caught their attention with simple, sparse language. Still others were chosen because of their thoughtful use of form; compelling stories; strong figurative language; unexpected connections and wit; and fresh writing about familiar topics.Dig in and let these brave young voices capture your heart and mind with their passion, their pain, and their amazing poetry! ...more
",Poetry,Five,https://books.toscrape.com/media/cache/5e/ca/5eca840ed2d6f0f0d2f795922cb76741.jpg,Leave_This_Song_Behind:_Teen_Poetry_at_Its_Best.jpg
https://books.toscrape.com/catalogue/the-collected-poems-of-wb-yeats-the-collected-works-of-wb-yeats-1_441/index.html,3d250ab0f12be445,The Collected Poems of W.B. Yeats (The Collected Works of W.B. Yeats #1),£15.42,£15.42,In stock (6 available),"
    The Collected Poems of W. B. Yeats includes all of the poems authorized by Yeats for inclusion in his standard canon. Breathtaking in range, it encompasses the entire arc of his career, from luminous reworking of ancient Irish myths and legends to passionate meditations on the demands and rewards of youth and old age, from exquisite, occasionally whimsical songs of love, n The Collected Poems of W. B. Yeats includes all of the poems authorized by Yeats for inclusion in his standard canon. Breathtaking in range, it encompasses the entire arc of his career, from luminous reworking of ancient Irish myths and legends to passionate meditations on the demands and rewards of youth and old age, from exquisite, occasionally whimsical songs of love, nature, and art to somber and angry poems of life in a nation torn by war and uprising. In observing the development of rich and recurring images and themes over the course of his body of work, we can trace the quest of this century's greatest poet to unite intellect and artistry in a single magnificent vision.Revised and corrected, this edition includes Yeat's own notes on his poetry, complemented by explanatory notes from esteemed Yeats scholar Richard J. Finneran. The Collected Poems of W. B. Yeats is the most comprehensive edition of one of the world's most beloved poets available in paperback. ...more
",Poetry,Five,https://books.toscrape.com/media/cache/b3/8c/b38cadc69f4a2db0aae2ee2867ab8583.jpg,The_Collected_Poems_of_W.B._Yeats_(The_Collected_Works_of_W.B._Yeats_#1).jpg
https://books.toscrape.com/catalogue/the-crossover_398/index.html,b228042c088b1913,The Crossover,£38.77,£38.77,In stock (5 available),"
    ""With a bolt of lightning on my kicks . . .The court is SIZZLING. My sweat is DRIZZLING. Stop all that quivering. Cuz tonight I'm delivering,"" announces dread-locked, 12-year old Josh Bell. He and his twin brother Jordan are awesome on the court. But Josh has more than basketball in his blood, he's got mad beats, too, that tell his family's story in verse, in this fast and ""With a bolt of lightning on my kicks . . .The court is SIZZLING. My sweat is DRIZZLING. Stop all that quivering. Cuz tonight I'm delivering,"" announces dread-locked, 12-year old Josh Bell. He and his twin brother Jordan are awesome on the court. But Josh has more than basketball in his blood, he's got mad beats, too, that tell his family's story in verse, in this fast and furious middle grade novel of family and brotherhood. Josh and Jordan must come to grips with growing up on and off the court to realize breaking the rules comes at a terrible price, as their story's heart-stopping climax proves a game-changer for the entire family. ...more
",Poetry,Four,https://books.toscrape.com/media/cache/25/fe/25fe373b974387a66ff1dea80f023ccb.jpg,The_Crossover.jpg
https://books.toscrape.com/catalogue/booked_365/index.html,b54d7416bb445989,Booked,£17.49,£17.49,In stock (5 available),"
    Like lightning/you strike/fast and free/legs zoom/down field/eyes fixed/on the checkered ball/on the goal/ten yards to go/can’t nobody stop you/can’t nobody cop you… In this follow-up to the Newbery-winning novel THE CROSSOVER, soccer, family, love, and friendship, take center stage as twelve-year-old Nick learns the power of words as he wrestles with problems at home, sta Like lightning/you strike/fast and free/legs zoom/down field/eyes fixed/on the checkered ball/on the goal/ten yards to go/can’t nobody stop you/can’t nobody cop you… In this follow-up to the Newbery-winning novel THE CROSSOVER,  soccer, family, love, and friendship, take center stage as twelve-year-old Nick learns the power of words as he wrestles with problems at home, stands up to a bully, and tries to impress the girl of his dreams. Helping him along are his best friend and sometimes teammate Coby, and The Mac, a rapping librarian who gives Nick inspiring books to read.   This electric and heartfelt novel-in-verse by poet Kwame Alexander bends and breaks as it captures all the thrills and setbacks, action and emotion of a World Cup match! ...more
",Poetry,Five,https://books.toscrape.com/media/cache/cf/3b/cf3b0341f5f4f4ad2c1439c11d32a9b1.jpg,Booked.jpg
https://books.toscrape.com/catalogue/twenty-love-poems-and-a-song-of-despair_91/index.html,e63c3f25338baf9a,Twenty Love Poems and a Song of Despair,£30.95,£30.95,In stock (1 available),"
    Drawn from the most intimate and personal associations, Pablo Neruda's most beloved collection of poetry juxtaposes the exuberance of youthful passion with the desolation of grief, the sensuality of the body with the metaphorical nuances of nature. Pulitzer Prize-winning poet W. S. Merwin's masterly translation faces the original Spanish text. This edition also features an Drawn from the most intimate and personal associations, Pablo Neruda's most beloved collection of poetry juxtaposes the exuberance of youthful passion with the desolation of grief, the sensuality of the body with the metaphorical nuances of nature. Pulitzer Prize-winning poet W. S. Merwin's masterly translation faces the original Spanish text. This edition also features an insightful Introduction by Cristina Garcia. More than eighty years after its publication, Twenty Love Poems and a Song of Despair stands as an essential collection that continues to inspire lovers and poets around the world. ...more
",Poetry,Four,https://books.toscrape.com/media/cache/ec/10/ec10f11ff0ea13c17a42d81b03896235.jpg,Twenty_Love_Poems_and_a_Song_of_Despair.jpg
