product_page_url,universal_product_code,book_title,price_including_tax,price_excluding_tax,quantity_available,product_description,category,review_rating,image_url,image_filename
https://books.toscrape.com/catalogue/dont-be-a-jerk-and-other-practical-advice-from-dogen-japans-greatest-zen-master_890/index.html,fce19f9b4a943f22,"Don't Be a Jerk: And Other Practical Advice from Dogen, Japan's Greatest Zen Master",£37.97,£37.97,In stock (16 available),"
    A Radical but Reverent Paraphrasing of Dogen’s Treasury of the True Dharma Eye“Even if the whole universe is nothing but a bunch of jerks doing all kinds of jerk-type things, there is still liberation in simply not being a jerk.” — Eihei Dogen (1200–1253 CE)The Shobogenzo (The Treasury of the True Dharma Eye) is a revered eight-hundred-year-old Zen Buddhism classic written A Radical but Reverent Paraphrasing of Dogen’s Treasury of the True Dharma Eye“Even if the whole universe is nothing but a bunch of jerks doing all kinds of jerk-type things, there is still liberation in simply not being a jerk.” — Eihei Dogen (1200–1253 CE)The Shobogenzo (The Treasury of the True Dharma Eye) is a revered eight-hundred-year-old Zen Buddhism classic written by the Japanese monk Eihei Dogen. Despite the timeless wisdom of his teachings, many consider the book difficult to understand and daunting to read. In Don’t Be a Jerk, Zen priest and bestselling author Brad Warner, through accessible paraphrasing and incisive commentary, applies Dogen’s teachings to modern times. While entertaining and sometimes irreverent, Warner is also an astute scholar who sees in Dogen very modern psychological concepts, as well as insights on such topics as feminism and reincarnation. Warner even shows that Dogen offered a “Middle Way” in the currently raging debate between science and religion. For curious readers worried that Dogen’s teachings are too philosophically opaque, Don’t Be a Jerk is hilarious, understandable, and wise. ...more
",Religion,Two,https://books.toscrape.com/media/cache/a7/9c/a79cac7aec3816fb754c1aedd2e82986.jpg,"Don't_Be_a_Jerk:_And_Other_Practical_Advice_from_Dogen,_Japan's_Greatest_Zen_Master.jpg"
https://books.toscrape.com/catalogue/you-are-what-you-love-the-spiritual-power-of-habit_872/index.html,796c87ddbbaaf8c5,You Are What You Love: The Spiritual Power of Habit,£21.87,£21.87,In stock (15 available),"
    You are what you love. But you might not love what you think.In this book, award-winning author James K. A. Smith shows that who and what we worship fundamentally shape our hearts. And while we desire to shape culture, we are not often aware of how culture shapes us. We might not realize the ways our hearts are being taught to love rival gods instead of the One for whom we You are what you love. But you might not love what you think.In this book, award-winning author James K. A. Smith shows that who and what we worship fundamentally shape our hearts. And while we desire to shape culture, we are not often aware of how culture shapes us. We might not realize the ways our hearts are being taught to love rival gods instead of the One for whom we were made. Smith helps readers recognize the formative power of culture and the transformative possibilities of Christian practices. He explains that worship is the ""imagination station"" that incubates our loves and longings so that our cultural endeavors are indexed toward God and his kingdom. This is why the church and worshiping in a local community of believers should be the hub and heart of Christian formation and discipleship.Following the publication of his influential work Desiring the Kingdom, Smith received numerous requests from pastors and leaders for a more accessible version of that book's content. No mere abridgment, this new book draws on years of Smith's popular presentations on the ideas presented in Desiring the Kingdom to offer a fresh, bottom-up rearticulation. The author creatively uses film, literature, and music illustrations to engage readers and includes material on marriage, family, youth ministry, and faith and work. He also suggests individual and communal practices for shaping the Christian life. ...more
",Religion,Four,https://books.toscrape.com/media/cache/52/9b/529bf0d806ae2ab02bf23da4326b24c3.jpg,You_Are_What_You_Love:_The_Spiritual_Power_of_Habit.jpg
https://books.toscrape.com/catalogue/dont-be-a-jerk-and-other-practical-advice-from-dogen-japans-greatest-zen-master_890/index.html,fce19f9b4a943f22,"Don't Be a Jerk: And Other Practical Advice from Dogen, Japan's Greatest Zen Master",£37.97,£37.97,In stock (16 available),"
    A Radical but Reverent Paraphrasing of Dogen’s Treasury of the True Dharma Eye“Even if the whole universe is nothing but a bunch of jerks doing all kinds of jerk-type things, there is still liberation in simply not being a jerk.” — Eihei Dogen (1200–1253 CE)The Shobogenzo (The Treasury of the True Dharma Eye) is a revered eight-hundred-year-old Zen Buddhism classic written A Radical but Reverent Paraphrasing of Dogen’s Treasury of the True Dharma Eye“Even if the whole universe is nothing but a bunch of jerks doing all kinds of jerk-type things, there is still liberation in simply not being a jerk.” — Eihei Dogen (1200–1253 CE)The Shobogenzo (The Treasury of the True Dharma Eye) is a revered eight-hundred-year-old Zen Buddhism classic written by the Japanese monk Eihei Dogen. Despite the timeless wisdom of his teachings, many consider the book difficult to understand and daunting to read. In Don’t Be a Jerk, Zen priest and bestselling author Brad Warner, through accessible paraphrasing and incisive commentary, applies Dogen’s teachings to modern times. While entertaining and sometimes irreverent, Warner is also an astute scholar who sees in Dogen very modern psychological concepts, as well as insights on such topics as feminism and reincarnation. Warner even shows that Dogen offered a “Middle Way” in the currently raging debate between science and religion. For curious readers worried that Dogen’s teachings are too philosophically opaque, Don’t Be a Jerk is hilarious, understandable, and wise. ...more
",Religion,Two,https://books.toscrape.com/media/cache/a7/9c/a79cac7aec3816fb754c1aedd2e82986.jpg,"Don't_Be_a_Jerk:_And_Other_Practical_Advice_from_Dogen,_Japan's_Greatest_Zen_Master.jpg"
https://books.toscrape.com/catalogue/you-are-what-you-love-the-spiritual-power-of-habit_872/index.html,796c87ddbbaaf8c5,You Are What You Love: The Spiritual Power of Habit,£21.87,£21.87,In stock (15 available),"
    You are what you love. But you might not love what you think.In this book, award-winning author James K. A. Smith shows that who and what we worship fundamentally shape our hearts. And while we desire to shape culture, we are not often aware of how culture shapes us. We might not realize the ways our hearts are being taught to love rival gods instead of the One for whom we You are what you love. But you might not love what you think.In this book, award-winning author James K. A. Smith shows that who and what we worship fundamentally shape our hearts. And while we desire to shape culture, we are not often aware of how culture shapes us. We might not realize the ways our hearts are being taught to love rival gods instead of the One for whom we were made. Smith helps readers recognize the formative power of culture and the transformative possibilities of Christian practices. He explains that worship is the ""imagination station"" that incubates our loves and longings so that our cultural endeavors are indexed toward God and his kingdom. This is why the church and worshiping in a local community of believers should be the hub and heart of Christian formation and discipleship.Following the publication of his influential work Desiring the Kingdom, Smith received numerous requests from pastors and leaders for a more accessible version of that book's content. No mere abridgment, this new book draws on years of Smith's popular presentations on the ideas presented in Desiring the Kingdom to offer a fresh, bottom-up rearticulation. The author creatively uses film, literature, and music illustrations to engage readers and includes material on marriage, family, youth ministry, and faith and work. He also suggests individual and communal practices for shaping the Christian life. ...more
",Religion,Four,https://books.toscrape.com/media/cache/52/9b/529bf0d806ae2ab02bf23da4326b24c3.jpg,You_Are_What_You_Love:_The_Spiritual_Power_of_Habit.jpg
https://books.toscrape.com/catalogue/god-the-most-unpleasant-character-in-all-fiction_697/index.html,eec424a84c9e4c68,God: The Most Unpleasant Character in All Fiction,£30.03,£30.03,In stock (14 available),"
    What words come to mind when we think of God? Merciful? Just? Compassionate? In fact, the Bible lays out God’s primary qualities clearly: jealous, petty, unforgiving, bloodthirsty, vindictive—and worse! Originally conceived as a joint presentation between influential thinker and bestselling author Richard Dawkins and former evangelical preacher Dan Barker, this unique book What words come to mind when we think of God? Merciful? Just? Compassionate? In fact, the Bible lays out God’s primary qualities clearly: jealous, petty, unforgiving, bloodthirsty, vindictive—and worse! Originally conceived as a joint presentation between influential thinker and bestselling author Richard Dawkins and former evangelical preacher Dan Barker, this unique book provides an investigation into what may be the most unpleasant character in all fiction. Barker combs through both the Old and New Testament (as well as thirteen different editions of the “Good Book”), presenting powerful evidence for why the Scripture shouldn’t govern our everyday lives. This witty, well-researched book suggests that we should move past the Bible and clear a path to a kinder and more thoughtful world. ...more
",Religion,Five,https://books.toscrape.com/media/cache/41/d8/41d8915a712c2a56f1c5182c11445551.jpg,God:_The_Most_Unpleasant_Character_in_All_Fiction.jpg
https://books.toscrape.com/catalogue/the-book-of-mormon_571/index.html,3f25a2fedae191cc,The Book of Mormon,£24.57,£24.57,In stock (9 available),"
    The Book of Mormon is a volume of scripture comparable to the Bible. It is a record of God's dealings with the ancient inhabitants of the Americas and contains, as does the Bible, the fullness of the everlasting gospel.The book was written by many ancient prophets by the spirit of prophecy and revelation. Their words, written on gold plates, were quoted and abridged by a p The Book of Mormon is a volume of scripture comparable to the Bible. It is a record of God's dealings with the ancient inhabitants of the Americas and contains, as does the Bible, the fullness of the everlasting gospel.The book was written by many ancient prophets by the spirit of prophecy and revelation. Their words, written on gold plates, were quoted and abridged by a prophet-historian named Mormon. The record gives an account of two great civilizations. One came from Jerusalem in 600 B.C., and afterward separated into two nations, known as the Nephites and the Lamanites. The other came much earlier when the Lord confounded the tongues at the Tower of Babel. This group is known as the Jaredites. After thousands of years, all were destroyed except the Lamanites, and they are among the ancestors of the American Indians. The crowning event recorded in the Book of Mormon is the personal ministry of the Lord Jesus Christ among the Nephites soon after his resurrection. It puts forth the doctrines of the gospel, outlines the plan of salvation, and tells men what they must do to gain peace in this life and eternal salvation in the life to come. After Mormon completed his writings, he delivered the account to his son Moroni, who added a few words of his own and hid up the plates in the hill Cumorah. On September 21, 1823, the same Moroni, then a glorified, resurrected being, appeared to the Prophet Joseph Smith and instructed him relative to the ancient record and its destined translation into the English language. In due course the plates were delivered to Joseph Smith, who translated them by the gift and power of God. The record is now published in many languages as a new and additional witness that Jesus Christ is the Son of the living God and that all who will come unto him and obey the laws and ordinances of his gospel may be saved. Concerning this record the Prophet Joseph Smith said: ""I told the brethren that the Book of Mormon was the most correct of any book on earth, and the keystone of our religion, and a man would get nearer to God by abiding by its precepts, than by any other book."" In addition to Joseph Smith, the Lord provided for eleven others to see the gold plates for themselves and to be special witnesses of the truth and divinity of the Book of Mormon. Their written testimonies are included herewith as ""The Testimony of Three Witnesses"" and ""The Testimony of Eight Witnesses."" We invite all men everywhere to read the Book of Mormon, to ponder in their hearts the message it contains, and the to ask God, the Eternal Father, in the name of Christ if the book is true. Those who pursue this course and ask in faith will gain a testimony of its truth and divinity by the power of the Holy Ghost. (See Moroni 10:3-5.) ...more
",Religion,Three,https://books.toscrape.com/media/cache/d7/c8/d7c885771d5e843cc2db6b0e5183c0c5.jpg,The_Book_of_Mormon.jpg
https://books.toscrape.com/catalogue/a-history-of-god-the-4000-year-quest-of-judaism-christianity-and-islam_310/index.html,d12ca4020c2f602e,"A History of God: The 4,000-Year Quest of Judaism, Christianity, and Islam",£27.62,£27.62,In stock (4 available),"
    Over 700,000 copies of the original hardcover and paperback editions of this stunningly popular book have been sold. Karen Armstrong's superbly readable exploration of how the three dominant monotheistic religions of the world - Judaism, Christianity, and Islam - have shaped and altered the conception of God is a tour de force. One of Britain's foremost commentators on rel Over 700,000 copies of the original hardcover and paperback editions of this stunningly popular book have been sold. Karen Armstrong's superbly readable exploration of how the three dominant monotheistic religions of the world - Judaism, Christianity, and Islam - have shaped and altered the conception of God is a tour de force. One of Britain's foremost commentators on religious affairs, Armstrong traces the history of how men and women have perceived and experienced God, from the time of Abraham to the present. From classical philosophy and medieval mysticism to the Reformation, the Enlightenment, and the modern age of skepticism, Armstrong performs the near miracle of distilling the intellectual history of monotheism into one compelling volume. ...more
",Religion,One,https://books.toscrape.com/media/cache/fd/99/fd996fdccb07aa8759f1388a0dea343a.jpg,"A_History_of_God:_The_4,000-Year_Quest_of_Judaism,_Christianity,_and_Islam.jpg"
https://books.toscrape.com/catalogue/the-bhagavad-gita_60/index.html,f3a0b8c835129558,The Bhagavad Gita,£57.49,£57.49,In stock (1 available),"
    The Bhagavad Gita is an intensely spiritual work that forms the cornerstone of the Hindu faith, and is also one of the masterpieces of Sanskrit poetry. It describes how, at the beginning of a mighty battle between the Pandava and Kaurava armies, the god Krishna gives spiritual enlightenment to the warrior Arjuna, who realizes that the true battle is for his own soul.Juan M The Bhagavad Gita is an intensely spiritual work that forms the cornerstone of the Hindu faith, and is also one of the masterpieces of Sanskrit poetry. It describes how, at the beginning of a mighty battle between the Pandava and Kaurava armies, the god Krishna gives spiritual enlightenment to the warrior Arjuna, who realizes that the true battle is for his own soul.Juan Mascaró's translation of The Bhagavad Gita captures the extraordinary aural qualities of the original Sanskrit. This edition features a new introduction by Simon Brodbeck, which discusses concepts such as dehin, prakriti and karma. ...more
",Religion,Three,https://books.toscrape.com/media/cache/13/27/13270087ac5cba3e999166a64991187a.jpg,The_Bhagavad_Gita.jpg
https://books.toscrape.com/catalogue/choosing-our-religion-the-spiritual-lives-of-americas-nones_14/index.html,a812f6969ddf3e39,Choosing Our Religion: The Spiritual Lives of America's Nones,£28.42,£28.42,In stock (1 available),"
    To the dismay of religious leaders, study after study has shown a steady decline in affiliation and identification with traditional religions in America. By 2014, more than twenty percent of adults identified as unaffiliated--up more than seven percent just since 2007. Even more startling, more than thirty percent of those under the age of thirty now identify as ""Nones""--a To the dismay of religious leaders, study after study has shown a steady decline in affiliation and identification with traditional religions in America. By 2014, more than twenty percent of adults identified as unaffiliated--up more than seven percent just since 2007. Even more startling, more than thirty percent of those under the age of thirty now identify as ""Nones""--answering ""none"" when queried about their religious affiliation. Is America losing its religion? Or, as more and more Americans choose different spiritual paths, are they changing what it means to be religious in the United States today? In Choosing Our Religion, Elizabeth Drescher explores the diverse, complex spiritual lives of Nones across generations and across categories of self-identification as ""Spiritual-But-Not-Religious,"" ""Atheist,"" ""Agnostic,"" ""Humanist,"" ""just Spiritual,"" and more. Drawing on more than one hundred interviews conducted across the United States, Drescher opens a window into the lives of a broad cross-section of Nones, diverse with respect to age, gender, race, sexual orientation, and prior religious background. She allows Nones to speak eloquently for themselves, illuminating the processes by which they became None, the sources of information and inspiration that enrich their spiritual lives, the practices they find spiritually meaningful, how prayer functions in spiritual lives not centered on doctrinal belief, how morals and values are shaped outside of institutional religions, and how Nones approach the spiritual development of their own children. These compelling stories are deeply revealing about how religion is changing in America--both for Nones and for the religiously affiliated family, friends, and neighbors with whom their lives remain intertwined. ...more
",Religion,Four,https://books.toscrape.com/media/cache/e9/8a/e98a7adb82052fb13418a43291b8f0d4.jpg,Choosing_Our_Religion:_The_Spiritual_Lives_of_America's_Nones.jpg
