product_page_url,universal_product_code,book_title,price_including_tax,price_excluding_tax,quantity_available,product_description,category,review_rating,image_url,image_filename
https://books.toscrape.com/catalogue/the-four-agreements-a-practical-guide-to-personal-freedom_970/index.html,6258a1f6a6dcfe50,The Four Agreements: A Practical Guide to Personal Freedom,£17.66,£17.66,In stock (18 available),"
    In The Four Agreements, don Miguel Ruiz reveals the source of self-limiting beliefs that rob us of joy and create needless suffering. Based on ancient Toltec wisdom, the Four Agreements offer a powerful code of conduct that can rapidly transform our lives to a new experience of freedom, true happiness, and love. The Four Agreements are: Be Impeccable With Your Word, Don't In The Four Agreements, don Miguel Ruiz reveals the source of self-limiting beliefs that rob us of joy and create needless suffering. Based on ancient Toltec wisdom, the Four Agreements offer a powerful code of conduct that can rapidly transform our lives to a new experience of freedom, true happiness, and love. The Four Agreements are: Be Impeccable With Your Word, Don't Take Anything Personally, Don't Make Assumptions, Always Do Your Best. ...more
",Spirituality,Five,https://books.toscrape.com/media/cache/2b/1b/2b1bfecae9d512cb6ee943ccf786216f.jpg,The_Four_Agreements:_A_Practical_Guide_to_Personal_Freedom.jpg
https://books.toscrape.com/catalogue/the-activists-tao-te-ching-ancient-advice-for-a-modern-revolution_928/index.html,7d6d2a6c0276f81b,The Activist's Tao Te Ching: Ancient Advice for a Modern Revolution,£32.24,£32.24,In stock (16 available),"
    Change and anger are in the air. Looking for answers to today’s wrenching challenges, William Martin turns to the Tao Te Ching and finds that while Taoism is known for its quiet, enigmatic wisdom, the Tao can also have the cleansing force of a rushing river.Through his interpretation of this ancient Chinese text, Martin elucidates revolutionary messages condemning power-se Change and anger are in the air. Looking for answers to today’s wrenching challenges, William Martin turns to the Tao Te Ching and finds that while Taoism is known for its quiet, enigmatic wisdom, the Tao can also have the cleansing force of a rushing river.Through his interpretation of this ancient Chinese text, Martin elucidates revolutionary messages condemning power-seeking and greed. He emphasizes that humans have a “natural virtue” that can help them heal the planet; shows how Taoism’s simplicity can be subversive and its flexibility a potent force; and reassures that “when injustice is the rule, justice always lies in wait.”Provocative and stirring, Martin’s Tao flows within and through those who ride the waves of anger and frustration and gently guides them to true freedom.“We have learned the secret of transformation: Injustice feeds our determination. Hate increases our love. Wounds bring forth our healing, and fear uncovers our courage and serenity.”— from The Activist’s Tao Te Ching ...more
",Spirituality,Five,https://books.toscrape.com/media/cache/da/0c/da0ca35421a5120b2109028e44a53f56.jpg,The_Activist's_Tao_Te_Ching:_Ancient_Advice_for_a_Modern_Revolution.jpg
https://books.toscrape.com/catalogue/chasing-heaven-what-dying-taught-me-about-living_797/index.html,513271dadc1322ae,Chasing Heaven: What Dying Taught Me About Living,£37.80,£37.80,In stock (15 available),"
    From the author of the New York Times bestseller, Waking Up in Heaven, comes an extraordinary story about Crystal McVea’s personal transformation after visiting heaven and how readers can experience heaven themselves—and live a more meaningful life.On December 10, 2009, Crystal McVea was being treated in a hospital for pancreatitis. Her heart stopped pumping for nine minut From the author of the New York Times bestseller, Waking Up in Heaven, comes an extraordinary story about Crystal McVea’s personal transformation after visiting heaven and how readers can experience heaven themselves—and live a more meaningful life.On December 10, 2009, Crystal McVea was being treated in a hospital for pancreatitis. Her heart stopped pumping for nine minutes before doctors managed to revive her. In those nine minutes, she went to heaven, stood with God, and was forever changed.Ever since Crystal’s incredible experience, her life has been profoundly different. She has become a brand new person in every conceivable way—heart, mind, soul, and spirit. By dying, Crystal learned how to live. Crystal realized that heaven is real and our true home, but we are still meant to have meaningful lives full of passion and purpose right here on earth. She believes we have to chase heaven while we are still alive and allow God to turn our lukewarm love into a firestorm of faith. Chasing Heaven is the story of how God called to Crystal, what He told her, and how she found a way to get closer to Him again here on earth.Crystal assures us that we don’t have to die and go to heaven in order to ignite our faith. We also don’t have to abandon the lives we have in order to experience God and heaven. Chasing Heaven is about following the path to the Lord, and discovering your spiritual destiny.The journey that followed Crystal’s time in heaven has been difficult, complicated, and surprising—full of twists and turns, setbacks and triumphs, drama and comedy, and everything that makes life so messy and beautiful. ...more
",Spirituality,Two,https://books.toscrape.com/media/cache/87/cd/87cd2aa5c4e38244ffcb17b84b0f6efd.jpg,Chasing_Heaven:_What_Dying_Taught_Me_About_Living.jpg
https://books.toscrape.com/catalogue/the-four-agreements-a-practical-guide-to-personal-freedom_970/index.html,6258a1f6a6dcfe50,The Four Agreements: A Practical Guide to Personal Freedom,£17.66,£17.66,In stock (18 available),"
    In The Four Agreements, don Miguel Ruiz reveals the source of self-limiting beliefs that rob us of joy and create needless suffering. Based on ancient Toltec wisdom, the Four Agreements offer a powerful code of conduct that can rapidly transform our lives to a new experience of freedom, true happiness, and love. The Four Agreements are: Be Impeccable With Your Word, Don't In The Four Agreements, don Miguel Ruiz reveals the source of self-limiting beliefs that rob us of joy and create needless suffering. Based on ancient Toltec wisdom, the Four Agreements offer a powerful code of conduct that can rapidly transform our lives to a new experience of freedom, true happiness, and love. The Four Agreements are: Be Impeccable With Your Word, Don't Take Anything Personally, Don't Make Assumptions, Always Do Your Best. ...more
",Spirituality,Five,https://books.toscrape.com/media/cache/2b/1b/2b1bfecae9d512cb6ee943ccf786216f.jpg,The_Four_Agreements:_A_Practical_Guide_to_Personal_Freedom.jpg
https://books.toscrape.com/catalogue/the-activists-tao-te-ching-ancient-advice-for-a-modern-revolution_928/index.html,7d6d2a6c0276f81b,The Activist's Tao Te Ching: Ancient Advice for a Modern Revolution,£32.24,£32.24,In stock (16 available),"
    Change and anger are in the air. Looking for answers to today’s wrenching challenges, William Martin turns to the Tao Te Ching and finds that while Taoism is known for its quiet, enigmatic wisdom, the Tao can also have the cleansing force of a rushing river.Through his interpretation of this ancient Chinese text, Martin elucidates revolutionary messages condemning power-se Change and anger are in the air. Looking for answers to today’s wrenching challenges, William Martin turns to the Tao Te Ching and finds that while Taoism is known for its quiet, enigmatic wisdom, the Tao can also have the cleansing force of a rushing river.Through his interpretation of this ancient Chinese text, Martin elucidates revolutionary messages condemning power-seeking and greed. He emphasizes that humans have a “natural virtue” that can help them heal the planet; shows how Taoism’s simplicity can be subversive and its flexibility a potent force; and reassures that “when injustice is the rule, justice always lies in wait.”Provocative and stirring, Martin’s Tao flows within and through those who ride the waves of anger and frustration and gently guides them to true freedom.“We have learned the secret of transformation: Injustice feeds our determination. Hate increases our love. Wounds bring forth our healing, and fear uncovers our courage and serenity.”— from The Activist’s Tao Te Ching ...more
",Spirituality,Five,https://books.toscrape.com/media/cache/da/0c/da0ca35421a5120b2109028e44a53f56.jpg,The_Activist's_Tao_Te_Ching:_Ancient_Advice_for_a_Modern_Revolution.jpg
https://books.toscrape.com/catalogue/chasing-heaven-what-dying-taught-me-about-living_797/index.html,513271dadc1322ae,Chasing Heaven: What Dying Taught Me About Living,£37.80,£37.80,In stock (15 available),"
    From the author of the New York Times bestseller, Waking Up in Heaven, comes an extraordinary story about Crystal McVea’s personal transformation after visiting heaven and how readers can experience heaven themselves—and live a more meaningful life.On December 10, 2009, Crystal McVea was being treated in a hospital for pancreatitis. Her heart stopped pumping for nine minut From the author of the New York Times bestseller, Waking Up in Heaven, comes an extraordinary story about Crystal McVea’s personal transformation after visiting heaven and how readers can experience heaven themselves—and live a more meaningful life.On December 10, 2009, Crystal McVea was being treated in a hospital for pancreatitis. Her heart stopped pumping for nine minutes before doctors managed to revive her. In those nine minutes, she went to heaven, stood with God, and was forever changed.Ever since Crystal’s incredible experience, her life has been profoundly different. She has become a brand new person in every conceivable way—heart, mind, soul, and spirit. By dying, Crystal learned how to live. Crystal realized that heaven is real and our true home, but we are still meant to have meaningful lives full of passion and purpose right here on earth. She believes we have to chase heaven while we are still alive and allow God to turn our lukewarm love into a firestorm of faith. Chasing Heaven is the story of how God called to Crystal, what He told her, and how she found a way to get closer to Him again here on earth.Crystal assures us that we don’t have to die and go to heaven in order to ignite our faith. We also don’t have to abandon the lives we have in order to experience God and heaven. Chasing Heaven is about following the path to the Lord, and discovering your spiritual destiny.The journey that followed Crystal’s time in heaven has been difficult, complicated, and surprising—full of twists and turns, setbacks and triumphs, drama and comedy, and everything that makes life so messy and beautiful. ...more
",Spirituality,Two,https://books.toscrape.com/media/cache/87/cd/87cd2aa5c4e38244ffcb17b84b0f6efd.jpg,Chasing_Heaven:_What_Dying_Taught_Me_About_Living.jpg
https://books.toscrape.com/catalogue/if-i-gave-you-gods-phone-number-searching-for-spirituality-in-america_564/index.html,8fab4c4f6f82a4ce,If I Gave You God's Phone Number....: Searching for Spirituality in America,£20.91,£20.91,In stock (9 available),"
    If I Gave You God’s Phone Number… - Survey reveals people's relationships with their CreatorWhat do a Cherokee Medicine Woman, a Death Row inmate, an Afghani Sufi Mystic, a Catholic, a Jew, several praying kids, and Mare Cromwell have in common? They all feel strongly about who or what they think God is, why things happen the way they do, and what will become of us in the If I Gave You God’s Phone Number… - Survey reveals people's relationships with their CreatorWhat do a Cherokee Medicine Woman, a Death Row inmate, an Afghani Sufi Mystic, a Catholic, a Jew, several praying kids, and Mare Cromwell have in common? They all feel strongly about who or what they think God is, why things happen the way they do, and what will become of us in the future. They question, praise and criticize God in the hopes of better understanding themselves and others. In a world challenged by economic issues, climate change, war, and constant threat of terrorism, people are pausing from their daily routines to ask the deeper questions and wonder about the divine and mysterious nature of their Creator.In this book, author and spiritual seeker Mare Cromwell interviews people from all walks of life, asking, “If I gave you God’s phone number, what would you do with it?” This spiritual memoir, framed by twenty-one interviews with people from all walks of life, combines the oral tradition of Studs Terkel with the soulful searchings of Neale Donald Welsh. If I gave you God’s phone number… offers the reader what only the best books offer—windows into the most authentic reaches of the soul. Cromwell’s conscientious selection of interview subjects, and her deft questioning, which presses them to go deeper and deeper, is what lends the book its striking range. This diorama of spiritual postures—some passionate, some highly intellectualized—is impossible to look away from, infects the reader with a fever of curiosity about the human condition, and then proceeds to administer the careful cure: vivid, compelling testimony. Not only do her many subjects nourish the reader by their telling, but Cromwell too provides ongoing doses of self-revelation, a gesture of honesty that unifies and strengthens the whole picture. Reading If I gave you God’s phone number…. will enrich your view of spiritual life—in all its radiant variety—forever.What people are saying about If I gave you God’s phone number…""I strongly recommend this engaging, thought-provoking book. It is distinguished by Ms. Cromwell's empathy for the interesting and diverse people she searched out to interview about their communication with God. Readers will be stimulated to reflect on their own spiritual journey as well as the author's own experiences and those of the people she has interviewed. Because of Ms. Cromwell's personal candor and insights, I continue to ponder the central question she asked her interviewees in this important and unusual book."" –James Crowfoot, Ph.D., Professor and Dean Emeritus, University of Michigan and former President of Antioch College“Mare Cromwell has done a wonderful job of bringing people's personal views on God and spirituality to the public in this book. These stories will deepen our understanding of the diversity of spirituality in the human experience.”–Garrett Sarley, President of the Omega Institute, author of ""The Essentials of Yoga"" and ""Walking Yoga""ABOUT THE AUTHOR: Mare Cromwell is an author, poet, gardener and environmentalist. A spiritual seeker for many years, she received a Masters in Natural Resources from the University of Michigan and worked internationally before starting this book. Seven years of interviewing along with a personal intensive search for spiritual meaning culminated in this treatise. Currently a professional gardener, Mare resides in Baltimore, Maryland, where she occasionally leads talks and workshops on spirituality, environmental sustainability and simplicity. ...more
",Spirituality,One,https://books.toscrape.com/media/cache/91/1a/911a12f954fc65fc4cc0e8a8f8b30750.jpg,If_I_Gave_You_God's_Phone_Number....:_Searching_for_Spirituality_in_America.jpg
https://books.toscrape.com/catalogue/unreasonable-hope-finding-faith-in-the-god-who-brings-purpose-to-your-pain_505/index.html,48cb52d78c992487,Unreasonable Hope: Finding Faith in the God Who Brings Purpose to Your Pain,£46.33,£46.33,In stock (7 available),"
    Where was God when ____? How could God allow ____? Why? These are the questions that flood our hearts and minds when the unimaginable happens. When things go horribly wrong and the world seems to be unraveling, how do you believe in God s goodness? How do you cling to hope? Chad Veach directs readers away from cliched Sunday school answers that fail to offer real comfort o Where was God when ____? How could God allow ____? Why? These are the questions that flood our hearts and minds when the unimaginable happens. When things go horribly wrong and the world seems to be unraveling, how do you believe in God s goodness? How do you cling to hope? Chad Veach directs readers away from cliched Sunday school answers that fail to offer real comfort or provide faith-building insights. Instead, he draws from God s promises in the Bible and from the story of his own daughter s diagnosis of a devastating and debilitating disease to reveal simple, purposeful steps for dealing with pain. Resting in God s love, remembering his past faithfulness, and realizing the distinction between having faith and clinging to hope are just some of these steps. Veach reminds us that because we know who God is, we know there is hope."" ...more
",Spirituality,Two,https://books.toscrape.com/media/cache/80/43/804385d2b49e2f9e26a7d88b8ccaf62d.jpg,Unreasonable_Hope:_Finding_Faith_in_the_God_Who_Brings_Purpose_to_Your_Pain.jpg
https://books.toscrape.com/catalogue/a-new-earth-awakening-to-your-lifes-purpose_311/index.html,f6ae39568db1130e,A New Earth: Awakening to Your Life's Purpose,£55.65,£55.65,In stock (4 available),"
    The highly anticipated follow-up to the 2,000,000 copy bestselling inspirational book, ""The Power of Now"" With his bestselling spiritual guide ""The Power of Now,"" Eckhart Tolle inspired millions of readers to discover the freedom and joy of a life lived ?in the now.? In ""A New Earth,"" Tolle expands on these powerful ideas to show how transcending our ego-based state of co The highly anticipated follow-up to the 2,000,000 copy bestselling inspirational book, ""The Power of Now"" With his bestselling spiritual guide ""The Power of Now,"" Eckhart Tolle inspired millions of readers to discover the freedom and joy of a life lived ?in the now.? In ""A New Earth,"" Tolle expands on these powerful ideas to show how transcending our ego-based state of consciousness is not only essential to personal happiness, but also the key to ending conflict and suffering throughout the world. Tolle describes how our attachment to the ego creates the dysfunction that leads to anger, jealousy, and unhappiness, and shows readers how to awaken to a new state of consciousness and follow the path to a truly fulfilling existence. ""The Power of Now"" was a question-and-answer handbook. ""A New Earth"" has been written as a traditional narrative, offering anecdotes and philosophies in a way that is accessible to all. Illuminating, enlightening, and uplifting, ""A New Earth"" is a profoundly spiritual manifesto for a better way of life?and for building a better world. ...more
",Spirituality,Five,https://books.toscrape.com/media/cache/13/1b/131bca3895aa2892f400020cd939cd42.jpg,A_New_Earth:_Awakening_to_Your_Life's_Purpose.jpg
