product_page_url,universal_product_code,book_title,price_including_tax,price_excluding_tax,quantity_available,product_description,category,review_rating,image_url,image_filename
https://books.toscrape.com/catalogue/the-book-of-basketball-the-nba-according-to-the-sports-guy_232/index.html,08decd9664e5d56e,The Book of Basketball: The NBA According to The Sports Guy,£44.84,£44.84,In stock (3 available),"
    There is only one writer on the planet who possesses enough basketball knowledge and passion to write the definitive book on the NBA.* Bill Simmons, the from-the-womb hoops addict known to millions as ESPN.com’s Sports Guy, is that writer. And The Book of Basketball is that book. Nowhere in the roundball universe will you find another single volume that covers as much in s There is only one writer on the planet who possesses enough basketball knowledge and passion to write the definitive book on the NBA.* Bill Simmons, the from-the-womb hoops addict known to millions as ESPN.com’s Sports Guy, is that writer. And The Book of Basketball is that book. Nowhere in the roundball universe will you find another single volume that covers as much in such depth as this wildly opinionated and thoroughly entertaining look at the past, present, and future of pro basketball.From the age-old question of who actually won the rivalry between Bill Russell and Wilt Chamberlain to the one about which team was truly the best of all time, Simmons opens–and then closes, once and for all–every major pro basketball debate. Then he takes it further by completely reevaluating not only how NBA Hall of Fame inductees should be chosen but how the institution must be reshaped from the ground up, the result being the Pyramid: Simmons’s one-of-a-kind, five-level shrine to the ninety-six greatest players in the history of pro basketball. And ultimately he takes fans to the heart of it all, as he uses a conversation with one NBA great to uncover that coveted thing: The Secret of Basketball.Comprehensive, authoritative, controversial, hilarious, and impossible to put down (even for Celtic-haters), The Book of Basketball offers every hardwood fan a courtside seat beside the game’s finest, funniest, and fiercest chronicler.* More to the point, he’s the only one crazy enough to try to pull it off. ...more
",Sports and Games,Five,https://books.toscrape.com/media/cache/73/bb/73bbe0a70806f8a732b9a7a7a343c5ec.jpg,The_Book_of_Basketball:_The_NBA_According_to_The_Sports_Guy.jpg
https://books.toscrape.com/catalogue/friday-night-lights-a-town-a-team-and-a-dream_158/index.html,a9aa3ed5b316470b,"Friday Night Lights: A Town, a Team, and a Dream",£51.22,£51.22,In stock (3 available),"
    Return once again to the enduring account of life in the Mojo lane, to the Permian Panthers of Odessa -- the winningest high school football team in Texas history. Odessa is not known to be a town big on dreams, but the Panthers help keep the hopes and dreams of this small, dusty town going. Socially and racially divided, its fragile economy follows the treacherous boom-bu Return once again to the enduring account of life in the Mojo lane, to the Permian Panthers of Odessa -- the winningest high school football team in Texas history. Odessa is not known to be a town big on dreams, but the Panthers help keep the hopes and dreams of this small, dusty town going. Socially and racially divided, its fragile economy follows the treacherous boom-bust path of the oil business.In bad times, the unemployment rate barrels out of control; in good times, its murder rate skyrockets. But every Friday night from September to December, when the Permian High School Panthers play football, this West Texas town becomes a place where dreams can come true. With frankness and compassion, Bissinger chronicles one of the Panthers' dramatic seasons and shows how single-minded devotion to the team shapes the community and inspires-and sometimes shatters-the teenagers who wear the Panthers' uniforms. Includes Reader's Group Guide inside.Now a major motion picture starring Billy Bob Thorton. ...more
",Sports and Games,Three,https://books.toscrape.com/media/cache/89/e8/89e87f1e98993377949855563aa1f982.jpg,"Friday_Night_Lights:_A_Town,_a_Team,_and_a_Dream.jpg"
https://books.toscrape.com/catalogue/sugar-rush-offensive-line-2_108/index.html,ce42e3de94226b2b,Sugar Rush (Offensive Line #2),£24.42,£24.42,In stock (2 available),"
    Colt Avery is on fire. Dubbed one of the NFL's best kept secrets, he's in the spotlight for the first time in his career. Women want him, coaches are courting him, and his Kansas cornfield good looks are too good not to be shared. His face is everywhere; TV, magazines, billboards. The entire world is in love with him. Everyone wants a piece of him.Everyone but Lilly Hendri Colt Avery is on fire. Dubbed one of the NFL's best kept secrets, he's in the spotlight for the first time in his career. Women want him, coaches are courting him, and his Kansas cornfield good looks are too good not to be shared. His face is everywhere; TV, magazines, billboards. The entire world is in love with him. Everyone wants a piece of him.Everyone but Lilly Hendricks.Lilly grew up in L.A. where pretty faces are a dime a dozen. She's seen first hand what happens when you get swept up in the whirlwind of fame and fortune; you get dropped on your ass, and there's no one there to help you up. She stays away from the flashbulbs, avoiding the limelight, perfectly content to be recognized for her cupcakes and her karaoke skills, nothing more.But Colt isn't easy to say no to, especially when he refuses to go away no matter how many times Lilly tells him to. He's addicted to her baking. To her beauty. To her bark that's almost as sexy as her bite, and he's not going anywhere until she gives him a chance. No matter what it costs him.Fame is a rush, but falling in love?That sh#t is sweet as sugar. ...more
",Sports and Games,One,https://books.toscrape.com/media/cache/10/65/106598cd8f3437c26a92cbda0a5a08bb.jpg,Sugar_Rush_(Offensive_Line_#2).jpg
https://books.toscrape.com/catalogue/settling-the-score-the-summer-games-1_50/index.html,132adf7335bb384a,Settling the Score (The Summer Games #1),£44.91,£44.91,In stock (1 available),"
    From the USA TODAY Bestselling author of Scoring Wilder, comes a sexy new standalone novel.As an Olympic rookie, Andie Foster has spent far more time in her cleats than between the sheets. For 21 years, her Friday nights have consisted of blocking shots rather than taking them. But now that she's landed in Rio, she's ready to see for herself if the rumors about the Olympic From the USA TODAY Bestselling author of Scoring Wilder, comes a sexy new standalone novel.As an Olympic rookie, Andie Foster has spent far more time in her cleats than between the sheets. For 21 years, her Friday nights have consisted of blocking shots rather than taking them. But now that she's landed in Rio, she's ready to see for herself if the rumors about the Olympic Village are true:• The athletes are all sex-crazed maniacs... • The committee passes out condoms like candy... • The games continue long after the medals have been handed out... As Andie walks the line between rumor and reality, she's forced into the path of Frederick Archibald, a decorated Olympic swimmer and owner of a sexy British accent--too bad he's unavailable in a way that ""it's complicated"" doesn't even begin to explain.In other words: off limits.It doesn't matter that he has abs that could bring peace to the Middle East and a smile that makes even the Queen blush; Andie fully intends on keeping her focus on the soccer field. But the Village is small. Suffocating. Everywhere Andie goes, Freddie happens to be there--shirtless, wet from the pool, and determined to show her a whole new meaning of the phrase ""international affairs"".Due to strong language and sexual content, this book is not intended for readers under the age of 18. ...more
",Sports and Games,Two,https://books.toscrape.com/media/cache/95/c4/95c41c1765b517d6240bd674a02676b1.jpg,Settling_the_Score_(The_Summer_Games_#1).jpg
https://books.toscrape.com/catalogue/icing-aces-hockey-2_25/index.html,3455b45888fb5053,Icing (Aces Hockey #2),£40.44,£40.44,In stock (1 available),"
    Hailed by Jami Davenport as her “go-to author for hockey romance,” the bestselling author of the Heller Brothers Hockey series sets the ice ablaze with another sexy novel featuring the gorgeous men of the Chicago Aces.Duncan Armstrong may be an NHL star, but he’s a country boy at heart. His ultimate fantasy is going home with the Stanley Cup, not a gold-digging airhead who Hailed by Jami Davenport as her “go-to author for hockey romance,” the bestselling author of the Heller Brothers Hockey series sets the ice ablaze with another sexy novel featuring the gorgeous men of the Chicago Aces.Duncan Armstrong may be an NHL star, but he’s a country boy at heart. His ultimate fantasy is going home with the Stanley Cup, not a gold-digging airhead who aspires to be a trophy wife and nothing more. Newly single and hoping to enjoy a night out with his teammates, he ends up hitting it off with a down-to-earth waitress who’s a complete breath of fresh air—until Duncan learns that she’s a part-time model. He tries to forget about her, but their sizzling chemistry has him coming back for more.Amber is working hard to put herself through school, and has zero interest in dating a professional athlete. She’s seen firsthand how fame and fortune can mess with their heads—her father’s brilliant football career ended in a firestorm of addiction and infidelity. So Duncan’s attentions immediately have her on the defensive. Still, there’s something different about him. And once she stops trying to freeze him out, irresistible temptation turns into all-consuming passion. ...more
",Sports and Games,Four,https://books.toscrape.com/media/cache/bf/31/bf31c4b40f6b2622330155fb9113a3bb.jpg,Icing_(Aces_Hockey_#2).jpg
